target_separation_mm,target_left_x_mm,target_right_x_mm,target_z_mm,evaluation_z_mm,method,left_peak_x_mm,right_peak_x_mm,apparent_peak_separation_mm,left_peak_amplitude,right_peak_amplitude,valley_x_mm,valley_amplitude,valley_dip_relative_to_weaker_peak_db,peaks_localized_near_expected_targets,resolved_by_minus6db_dip,resolution_criterion_db
0.01,-0.005,0.005,20.0,20.1,DAS,-0.000390625,0.0,0.000390625,106741.25,106743.9375,-0.000390625,106741.25,0.0,False,False,-6.020599913279624
0.01,-0.005,0.005,20.0,20.1,Conventional NSI,-0.000390625,0.0,0.000390625,5001.794921875,5336.81982421875,-0.000390625,5001.794921875,0.0,False,False,-6.020599913279624
0.01,-0.005,0.005,20.0,20.1,Angular NSI,-0.000390625,0.0,0.000390625,5315.8994140625,5337.1767578125,-0.000390625,5315.8994140625,0.0,False,False,-6.020599913279624
0.02,-0.01,0.01,20.0,20.1,DAS,-0.000390625,0.0,0.000390625,106347.2578125,106349.9453125,-0.000390625,106347.2578125,0.0,False,False,-6.020599913279624
0.02,-0.01,0.01,20.0,20.1,Conventional NSI,-0.000390625,0.0,0.000390625,4984.1220703125,5317.1220703125,-0.000390625,4984.1220703125,0.0,False,False,-6.020599913279624
0.02,-0.01,0.01,20.0,20.1,Angular NSI,-0.000390625,0.0,0.000390625,5296.453125,5317.4638671875,-0.000390625,5296.453125,0.0,False,False,-6.020599913279624
0.04,-0.02,0.02,20.0,20.1,DAS,-0.000390625,0.0,0.000390625,104780.671875,104783.2890625,-0.000390625,104780.671875,0.0,False,False,-6.020599913279624
0.04,-0.02,0.02,20.0,20.1,Conventional NSI,-0.000390625,0.0,0.000390625,4913.9091796875,5238.7998046875,-0.000390625,4913.9091796875,0.0,False,False,-6.020599913279624
0.04,-0.02,0.02,20.0,20.1,Angular NSI,-0.000390625,0.0,0.000390625,5219.12353515625,5239.12841796875,-0.000390625,5219.12353515625,0.0,False,False,-6.020599913279624
0.06,-0.03,0.03,20.0,20.1,DAS,-0.000390625,0.0,0.000390625,102048.6796875,102051.1796875,-0.000390625,102048.6796875,0.0,False,False,-6.020599913279624
0.06,-0.03,0.03,20.0,20.1,Conventional NSI,-0.000390625,0.0,0.000390625,4791.0380859375,5102.2001953125,-0.000390625,4791.0380859375,0.0,False,False,-6.020599913279624
0.06,-0.03,0.03,20.0,20.1,Angular NSI,-0.000390625,0.0,0.000390625,5084.13134765625,5102.5390625,-0.000390625,5084.13134765625,0.0,False,False,-6.020599913279624
0.08,-0.04,0.04,20.0,20.1,DAS,-0.000390625,0.0,0.000390625,98513.0625,98515.4296875,-0.000390625,98513.0625,0.0,False,False,-6.020599913279624
0.08,-0.04,0.04,20.0,20.1,Conventional NSI,-0.000390625,0.0,0.000390625,4632.45849609375,4925.4501953125,-0.000390625,4632.45849609375,0.0,False,False,-6.020599913279624
0.08,-0.04,0.04,20.0,20.1,Angular NSI,-0.000390625,0.0,0.000390625,4909.4873046875,4925.767578125,-0.000390625,4909.4873046875,0.0,False,False,-6.020599913279624
0.1,-0.05,0.05,20.0,20.1,DAS,-0.000390625,0.0,0.000390625,94131.234375,94133.4140625,-0.000390625,94131.234375,0.0,False,False,-6.020599913279624
0.1,-0.05,0.05,20.0,20.1,Conventional NSI,-0.000390625,0.0,0.000390625,4435.94921875,4706.37158203125,-0.000390625,4435.94921875,0.0,False,False,-6.020599913279624
0.1,-0.05,0.05,20.0,20.1,Angular NSI,-0.000390625,0.0,0.000390625,4692.9609375,4706.65185546875,-0.000390625,4692.9609375,0.0,False,False,-6.020599913279624
0.15,-0.075,0.075,20.0,20.1,DAS,-0.000390625,0.0,0.000390625,79897.796875,79899.4375,-0.000390625,79897.796875,0.0,False,False,-6.020599913279624
0.15,-0.075,0.075,20.0,20.1,Conventional NSI,-0.000390625,0.0,0.000390625,3796.8330078125,3994.746337890625,-0.000390625,3796.8330078125,0.0,False,False,-6.020599913279624
0.15,-0.075,0.075,20.0,20.1,Angular NSI,-0.000390625,0.0,0.000390625,3988.60693359375,3994.959228515625,-0.000390625,3988.60693359375,0.0,False,False,-6.020599913279624
0.2,-0.1,0.1,20.0,20.1,DAS,-0.000390625,0.0,0.000390625,62539.3359375,62540.30859375,-0.000390625,62539.3359375,0.0,False,False,-6.020599913279624
0.2,-0.1,0.1,20.0,20.1,Conventional NSI,-0.000390625,0.0,0.000390625,3015.926513671875,3126.902587890625,-0.000390625,3015.926513671875,0.0,False,False,-6.020599913279624
0.2,-0.1,0.1,20.0,20.1,Angular NSI,-0.000390625,0.0,0.000390625,3123.12890625,3127.007568359375,-0.000390625,3123.12890625,0.0,False,False,-6.020599913279624
0.3,-0.15,0.15,20.0,20.1,DAS,-0.16171875000000002,0.16171875000000002,0.32343750000000004,51024.1640625,51024.2109375,0.0,27941.970703125,-5.230377307266046,True,False,-6.020599913279624
0.3,-0.15,0.15,20.0,20.1,Conventional NSI,-0.000390625,0.0,0.000390625,1332.9337158203125,1397.0296630859375,-0.000390625,1332.9337158203125,0.0,False,False,-6.020599913279624
0.3,-0.15,0.15,20.0,20.1,Angular NSI,-0.164453125,0.164453125,0.32890625,2510.231201171875,2510.26318359375,-0.049609375000000004,762.4183349609375,-10.350407830529019,True,True,-6.020599913279624
0.4,-0.2,0.2,20.0,20.1,DAS,-0.199609375,0.199609375,0.39921875,54969.55078125,54969.55859375,-0.025,10576.986328125,-14.315204897675978,True,True,-6.020599913279624
0.4,-0.2,0.2,20.0,20.1,Conventional NSI,-0.18828125,0.18828125,0.3765625,579.8291015625,579.748046875,-0.026562500000000003,0.0,-6208.317897255955,True,True,-6.020599913279624
0.4,-0.2,0.2,20.0,20.1,Angular NSI,-0.19453125000000002,0.19453125000000002,0.38906250000000003,2364.456787109375,2364.48388671875,-0.02890625,69.9310302734375,-30.581229092450766,True,True,-6.020599913279624
