repetition,order_within_repetition,method,elapsed_seconds,elapsed_milliseconds
1,1,Conventional NSI (two fields),0.04541780101135373,45.41780101135373
1,2,DAS / coherent compounding,0.03165445401100442,31.654454011004418
1,3,Angular NSI (stored angle stack),0.03338842200173531,33.38842200173531
1,4,Angular NSI (streaming),0.02510718700068537,25.10718700068537
2,1,Conventional NSI (two fields),0.03466766999918036,34.66766999918036
2,2,DAS / coherent compounding,0.024838804005412385,24.838804005412385
2,3,Angular NSI (stored angle stack),0.02430531800200697,24.30531800200697
2,4,Angular NSI (streaming),0.02459776500472799,24.59776500472799
3,1,Conventional NSI (two fields),0.032204922012169845,32.204922012169845
3,2,DAS / coherent compounding,0.023821488008252345,23.821488008252345
3,3,Angular NSI (streaming),0.02474360799533315,24.74360799533315
3,4,Angular NSI (stored angle stack),0.024589267995906994,24.589267995906994
4,1,Angular NSI (streaming),0.02504708200285677,25.04708200285677
4,2,Conventional NSI (two fields),0.031846626006881706,31.846626006881706
4,3,Angular NSI (stored angle stack),0.02627069500158541,26.27069500158541
4,4,DAS / coherent compounding,0.025915533988154493,25.915533988154493
5,1,Conventional NSI (two fields),0.03192722800304182,31.92722800304182
5,2,Angular NSI (streaming),0.024577803997090086,24.577803997090086
5,3,Angular NSI (stored angle stack),0.02404825799749233,24.04825799749233
5,4,DAS / coherent compounding,0.02366077199985739,23.66077199985739
6,1,Conventional NSI (two fields),0.03245363000314683,32.45363000314683
6,2,Angular NSI (streaming),0.026499283994780853,26.499283994780853
6,3,Angular NSI (stored angle stack),0.02438379600062035,24.38379600062035
6,4,DAS / coherent compounding,0.022457591010606848,22.457591010606848
7,1,DAS / coherent compounding,0.03881866700248793,38.81866700248793
7,2,Angular NSI (streaming),0.02526318399759475,25.26318399759475
7,3,Angular NSI (stored angle stack),0.02429253500304185,24.29253500304185
7,4,Conventional NSI (two fields),0.030099214010988362,30.099214010988362
8,1,Angular NSI (stored angle stack),0.02360481899813749,23.60481899813749
8,2,Conventional NSI (two fields),0.03282463800860569,32.82463800860569
8,3,Angular NSI (streaming),0.025036264007212594,25.036264007212594
8,4,DAS / coherent compounding,0.022785773006035015,22.785773006035015
9,1,Conventional NSI (two fields),0.03135084798850585,31.350847988505848
9,2,DAS / coherent compounding,0.026805663990671746,26.805663990671746
9,3,Angular NSI (stored angle stack),0.02533061199937947,25.33061199937947
9,4,Angular NSI (streaming),0.024407043994870037,24.407043994870037
10,1,Angular NSI (stored angle stack),0.02454137901077047,24.54137901077047
10,2,Angular NSI (streaming),0.026419556990731508,26.419556990731508
10,3,Conventional NSI (two fields),0.032376224000472575,32.376224000472575
10,4,DAS / coherent compounding,0.023351190000539646,23.351190000539646
11,1,Angular NSI (streaming),0.02408275500056334,24.08275500056334
11,2,Angular NSI (stored angle stack),0.0238706530071795,23.8706530071795
11,3,Conventional NSI (two fields),0.030895992007572204,30.895992007572204
11,4,DAS / coherent compounding,0.024323092002305202,24.323092002305202
12,1,Conventional NSI (two fields),0.03275239000504371,32.75239000504371
12,2,Angular NSI (streaming),0.024365417993976735,24.365417993976735
12,3,Angular NSI (stored angle stack),0.024904587990022264,24.904587990022264
12,4,DAS / coherent compounding,0.022553918999619782,22.553918999619782
13,1,Conventional NSI (two fields),0.030186703996150754,30.186703996150754
13,2,Angular NSI (streaming),0.02483169200422708,24.83169200422708
13,3,Angular NSI (stored angle stack),0.02593185599835124,25.93185599835124
13,4,DAS / coherent compounding,0.02267650001158472,22.67650001158472
14,1,Angular NSI (stored angle stack),0.02342148900788743,23.42148900788743
14,2,Angular NSI (streaming),0.026793122000526637,26.793122000526637
14,3,Conventional NSI (two fields),0.030331764006405137,30.331764006405137
14,4,DAS / coherent compounding,0.024082065996481106,24.082065996481106
15,1,DAS / coherent compounding,0.024525985994841903,24.525985994841903
15,2,Angular NSI (stored angle stack),0.025290315999882296,25.290315999882296
15,3,Conventional NSI (two fields),0.031092208009795286,31.092208009795286
15,4,Angular NSI (streaming),0.023724029990262352,23.724029990262352
16,1,Conventional NSI (two fields),0.029726884997216985,29.726884997216985
16,2,Angular NSI (stored angle stack),0.02359692900790833,23.59692900790833
16,3,DAS / coherent compounding,0.02605502500955481,26.05502500955481
16,4,Angular NSI (streaming),0.024741931003518403,24.741931003518403
17,1,Conventional NSI (two fields),0.03138771900557913,31.38771900557913
17,2,Angular NSI (streaming),0.023914870995213278,23.914870995213278
17,3,DAS / coherent compounding,0.02454368700273335,24.54368700273335
17,4,Angular NSI (stored angle stack),0.023530067002866417,23.530067002866417
18,1,Conventional NSI (two fields),0.029974563003634103,29.974563003634103
18,2,Angular NSI (stored angle stack),0.02555370501067955,25.55370501067955
18,3,Angular NSI (streaming),0.024739714004681446,24.739714004681446
18,4,DAS / coherent compounding,0.02273310201417189,22.73310201417189
19,1,Angular NSI (stored angle stack),0.024446775001706555,24.446775001706555
19,2,Angular NSI (streaming),0.02576576400315389,25.76576400315389
19,3,Conventional NSI (two fields),0.03044388299167622,30.44388299167622
19,4,DAS / coherent compounding,0.02337561099557206,23.37561099557206
20,1,DAS / coherent compounding,0.02599902800284326,25.99902800284326
20,2,Conventional NSI (two fields),0.028834299999289215,28.834299999289215
20,3,Angular NSI (streaming),0.0235974039969733,23.5974039969733
20,4,Angular NSI (stored angle stack),0.023597359991981648,23.597359991981648
21,1,Angular NSI (streaming),0.02605571399908513,26.05571399908513
21,2,Angular NSI (stored angle stack),0.025282720001996495,25.282720001996495
21,3,Conventional NSI (two fields),0.029375384998274967,29.375384998274967
21,4,DAS / coherent compounding,0.022058748989365995,22.058748989365995
22,1,Angular NSI (streaming),0.024401478993240744,24.401478993240744
22,2,DAS / coherent compounding,0.02415932899748441,24.15932899748441
22,3,Conventional NSI (two fields),0.029177743010222912,29.177743010222912
22,4,Angular NSI (stored angle stack),0.022886491002282128,22.886491002282128
23,1,Angular NSI (stored angle stack),0.023789254992152564,23.789254992152564
23,2,Conventional NSI (two fields),0.029286910998052917,29.286910998052917
23,3,DAS / coherent compounding,0.023669505986617878,23.669505986617878
23,4,Angular NSI (streaming),0.022983720002230257,22.983720002230257
24,1,Angular NSI (stored angle stack),0.024540019003325142,24.540019003325142
24,2,DAS / coherent compounding,0.023546299009467475,23.546299009467475
24,3,Conventional NSI (two fields),0.030169637000653893,30.169637000653893
24,4,Angular NSI (streaming),0.023010244010947645,23.010244010947645
25,1,Conventional NSI (two fields),0.03127474099164829,31.274740991648287
25,2,Angular NSI (streaming),0.023525573997176252,23.525573997176252
25,3,DAS / coherent compounding,0.023411989997839555,23.411989997839555
25,4,Angular NSI (stored angle stack),0.024280269994051196,24.280269994051196
26,1,Angular NSI (streaming),0.025160763005260378,25.160763005260378
26,2,Conventional NSI (two fields),0.029032397011178546,29.032397011178546
26,3,DAS / coherent compounding,0.023168617000919767,23.168617000919767
26,4,Angular NSI (stored angle stack),0.023125549996620975,23.125549996620975
27,1,Angular NSI (streaming),0.024759124993579462,24.759124993579462
27,2,DAS / coherent compounding,0.024444937997031957,24.444937997031957
27,3,Angular NSI (stored angle stack),0.024733556012506597,24.733556012506597
27,4,Conventional NSI (two fields),0.029413202006253414,29.413202006253414
28,1,Angular NSI (streaming),0.026290514011634514,26.290514011634514
28,2,Angular NSI (stored angle stack),0.023616207006853074,23.616207006853074
28,3,Conventional NSI (two fields),0.031697551006800495,31.697551006800495
28,4,DAS / coherent compounding,0.023967700995854102,23.967700995854102
29,1,Conventional NSI (two fields),0.031142248000833206,31.142248000833206
29,2,Angular NSI (streaming),0.024963871997897513,24.963871997897513
29,3,DAS / coherent compounding,0.023648133996175602,23.648133996175602
29,4,Angular NSI (stored angle stack),0.024697706001461484,24.697706001461484
30,1,Conventional NSI (two fields),0.031258354007150047,31.258354007150047
30,2,DAS / coherent compounding,0.024971253995317966,24.971253995317966
30,3,Angular NSI (streaming),0.025555439002346247,25.555439002346247
30,4,Angular NSI (stored angle stack),0.024800977000268176,24.800977000268176
31,1,Conventional NSI (two fields),0.030190372010110877,30.190372010110877
31,2,Angular NSI (stored angle stack),0.023150941997300833,23.150941997300833
31,3,DAS / coherent compounding,0.024173993995646015,24.173993995646015
31,4,Angular NSI (streaming),0.023264509000000544,23.264509000000544
32,1,Conventional NSI (two fields),0.03044247800426092,30.44247800426092
32,2,DAS / coherent compounding,0.02416688299854286,24.16688299854286
32,3,Angular NSI (streaming),0.024521652987459674,24.521652987459674
32,4,Angular NSI (stored angle stack),0.02348255600372795,23.48255600372795
33,1,Angular NSI (streaming),0.02594653000414837,25.94653000414837
33,2,Angular NSI (stored angle stack),0.0254246659897035,25.4246659897035
33,3,DAS / coherent compounding,0.024259712008642964,24.259712008642964
33,4,Conventional NSI (two fields),0.029365451002377085,29.365451002377085
34,1,Angular NSI (stored angle stack),0.026108369987923652,26.108369987923652
34,2,Angular NSI (streaming),0.025197235998348333,25.197235998348333
34,3,Conventional NSI (two fields),0.03695850999793038,36.95850999793038
34,4,DAS / coherent compounding,0.022654373999102972,22.654373999102972
35,1,Angular NSI (streaming),0.030051886991714127,30.051886991714127
35,2,DAS / coherent compounding,0.02386621799087152,23.86621799087152
35,3,Conventional NSI (two fields),0.029997248988365754,29.997248988365754
35,4,Angular NSI (stored angle stack),0.024433700993540697,24.433700993540697
36,1,Angular NSI (stored angle stack),0.023576191000756808,23.576191000756808
36,2,Angular NSI (streaming),0.02627243401366286,26.27243401366286
36,3,DAS / coherent compounding,0.023743179001030512,23.743179001030512
36,4,Conventional NSI (two fields),0.0297559439932229,29.7559439932229
37,1,DAS / coherent compounding,0.025058817001990974,25.058817001990974
37,2,Conventional NSI (two fields),0.029832782005541958,29.832782005541958
37,3,Angular NSI (streaming),0.023826874006772414,23.826874006772414
37,4,Angular NSI (stored angle stack),0.023477078997530043,23.477078997530043
38,1,Angular NSI (stored angle stack),0.023824906995287165,23.824906995287165
38,2,Angular NSI (streaming),0.025818640991928987,25.818640991928987
38,3,DAS / coherent compounding,0.023826235003070906,23.826235003070906
38,4,Conventional NSI (two fields),0.029215796996140853,29.215796996140853
39,1,Conventional NSI (two fields),0.03295643100864254,32.95643100864254
39,2,DAS / coherent compounding,0.02420933000394143,24.20933000394143
39,3,Angular NSI (streaming),0.024195060002966784,24.195060002966784
39,4,Angular NSI (stored angle stack),0.023354314995231107,23.354314995231107
40,1,Angular NSI (stored angle stack),0.025566659998730756,25.566659998730756
40,2,Angular NSI (streaming),0.02334798600350041,23.34798600350041
40,3,DAS / coherent compounding,0.025390052993316203,25.390052993316203
40,4,Conventional NSI (two fields),0.029490824992535636,29.490824992535636
41,1,DAS / coherent compounding,0.023476524991565384,23.476524991565384
41,2,Conventional NSI (two fields),0.02904619499167893,29.04619499167893
41,3,Angular NSI (stored angle stack),0.02501650300109759,25.01650300109759
41,4,Angular NSI (streaming),0.02312286599772051,23.12286599772051
42,1,Angular NSI (stored angle stack),0.024069621998933144,24.069621998933144
42,2,DAS / coherent compounding,0.023106382999685593,23.106382999685593
42,3,Angular NSI (streaming),0.02565454899740871,25.65454899740871
42,4,Conventional NSI (two fields),0.029669872994418256,29.669872994418256
43,1,Angular NSI (streaming),0.025006944008055143,25.006944008055143
43,2,Conventional NSI (two fields),0.029274428001372144,29.274428001372144
43,3,Angular NSI (stored angle stack),0.02495217099203728,24.95217099203728
43,4,DAS / coherent compounding,0.021940983991953544,21.940983991953544
44,1,Angular NSI (stored angle stack),0.025564427007338963,25.564427007338963
44,2,DAS / coherent compounding,0.02331724000396207,23.31724000396207
44,3,Angular NSI (streaming),0.024366704004933126,24.366704004933126
44,4,Conventional NSI (two fields),0.02884073500172235,28.84073500172235
45,1,DAS / coherent compounding,0.02510934699967038,25.10934699967038
45,2,Angular NSI (streaming),0.025144439001451246,25.144439001451246
45,3,Conventional NSI (two fields),0.028457045991672203,28.457045991672203
45,4,Angular NSI (stored angle stack),0.023590826996951364,23.590826996951364
46,1,Angular NSI (stored angle stack),0.024480851003318094,24.480851003318094
46,2,Angular NSI (streaming),0.023249274003319442,23.249274003319442
46,3,DAS / coherent compounding,0.023348336995695718,23.348336995695718
46,4,Conventional NSI (two fields),0.02810553000017535,28.10553000017535
47,1,Angular NSI (stored angle stack),0.025464862992521375,25.464862992521375
47,2,Conventional NSI (two fields),0.030248972994741052,30.248972994741052
47,3,DAS / coherent compounding,0.024582033991464414,24.582033991464414
47,4,Angular NSI (streaming),0.024095513988868333,24.095513988868333
48,1,Angular NSI (stored angle stack),0.025153773996862583,25.153773996862583
48,2,Angular NSI (streaming),0.023072140000294894,23.072140000294894
48,3,DAS / coherent compounding,0.02411087199288886,24.11087199288886
48,4,Conventional NSI (two fields),0.028911850007716566,28.911850007716566
49,1,Conventional NSI (two fields),0.02928277700266335,29.28277700266335
49,2,Angular NSI (stored angle stack),0.02528155900654383,25.28155900654383
49,3,DAS / coherent compounding,0.025017407999257557,25.017407999257557
49,4,Angular NSI (streaming),0.0236237950011855,23.6237950011855
50,1,Angular NSI (streaming),0.033864384997286834,33.864384997286834
50,2,Angular NSI (stored angle stack),0.03524821699829772,35.24821699829772
50,3,Conventional NSI (two fields),0.041465361005975865,41.465361005975865
50,4,DAS / coherent compounding,0.02304590499261394,23.04590499261394
