scenario_type,scenario_label,angular_weight_strategy,angular_weight_sum,angle_count,minimum_angle_deg,maximum_angle_deg,total_angle_span_deg,evaluation_z_mm,method,measurement_ok,peak_x_mm,peak_x_bias_mm,peak_amplitude,background_rms,peak_to_background_db,lateral_fwhm_mm,lateral_width_minus10_db_mm,lateral_width_minus20_db_mm,samples_per_fwhm,grid_spacing_mm,measurement_error,removed_angle_deg,angular_weight_l1_norm
angle_count,5 angles,sign(angle),0.0,5,-4.0,4.0,8.0,20.1,DAS,True,0.0,0.0,6267.4580078125,892.1357468456746,16.933209829142093,0.20591363815708918,0.2600223239633856,0.5404023585724181,527.1389136821689,0.00039062499999998473,,,
angle_count,5 angles,sign(angle),0.0,5,-4.0,4.0,8.0,20.1,Conventional NSI,True,0.0,0.0,313.341552734375,1.0426198436952487,49.55784009614372,0.007920146626969143,0.01487909951681196,0.04917862753002669,20.2755753650418,0.00039062499999998473,,,
angle_count,5 angles,sign(angle),0.0,5,-4.0,4.0,8.0,20.1,Angular NSI,True,0.0,0.0,313.3702087402344,4.586091444944224,36.692299934831816,0.08905912288215423,0.13473998913342078,0.23355497951572346,227.99135457832372,0.00039062499999998473,,,
angle_count,9 angles,sign(angle),0.0,9,-4.0,4.0,8.0,20.1,DAS,True,0.000390625,0.000390625,30623.087890625,,,0.28361516525842545,0.3852060132161973,0.852898366909203,726.0548230615975,0.00039062499999998473,,,
angle_count,9 angles,sign(angle),0.0,9,-4.0,4.0,8.0,20.1,Conventional NSI,True,0.0,0.0,1531.0047607421875,2.880261219401424,54.510893283343975,0.009588929517854462,0.017785065307639902,0.058076446801709175,24.547659565708383,0.00039062499999998473,,,
angle_count,9 angles,sign(angle),0.0,9,-4.0,4.0,8.0,20.1,Angular NSI,True,0.0,0.0,1531.139404296875,17.45610481609924,38.86134784656638,0.09210847376308662,0.1513698346625735,0.32823462908885603,235.79769283351095,0.00039062499999998473,,,
angle_count,13 angles,sign(angle),0.0,13,-4.0,4.0,8.0,20.1,DAS,True,0.0,0.0,71224.578125,886.0238737783939,38.103689229548266,0.2425015984245386,0.3046551373281937,0.5980078059364065,620.8040919668431,0.00039062499999998473,,,
angle_count,13 angles,sign(angle),0.0,13,-4.0,4.0,8.0,20.1,Conventional NSI,True,0.0,0.0,3560.9248046875,0.7471197184497358,73.5634520826604,0.009375180897687858,0.01764079131287478,0.05816115251190114,24.000463098081855,0.00039062499999998473,,,
angle_count,13 angles,sign(angle),0.0,13,-4.0,4.0,8.0,20.1,Angular NSI,True,0.0,0.0,3561.217041015625,5.266798199641609,56.60103528886721,0.14903291297638532,0.21380381488099162,0.32652203835018184,381.5242572195613,0.00039062499999998473,,,
angle_count,17 angles,sign(angle),0.0,17,-4.0,4.0,8.0,20.1,DAS,True,0.0,0.0,53437.4453125,489.5172508311495,40.761553729128664,0.22583706239931722,0.2820058969681124,0.5243583409268576,578.1428797422747,0.00039062499999998473,,,
angle_count,17 angles,sign(angle),0.0,17,-4.0,4.0,8.0,20.1,Conventional NSI,True,0.0,0.0,2671.673583984375,0.13801952320384245,85.73685747280074,0.008978267001653516,0.0169533689600971,0.05598056879039014,22.9843635242339,0.00039062499999998473,,,
angle_count,17 angles,sign(angle),0.0,17,-4.0,4.0,8.0,20.1,Angular NSI,True,0.0,0.0,2671.8544921875,6.070832168657264,52.87129152509827,0.11595492502846433,0.17584034134768844,0.28936837755388345,296.8446080728803,0.00039062499999998473,,,
angle_count,25 angles,sign(angle),0.0,25,-4.0,4.0,8.0,20.1,DAS,True,0.00078125,0.00078125,6939.15478515625,,,0.2619617496609163,0.31997952195354357,0.40380941695948747,670.6220791319719,0.00039062499999998473,,,
angle_count,25 angles,sign(angle),0.0,25,-4.0,4.0,8.0,20.1,Conventional NSI,True,0.0,0.0,346.9102478027344,0.03725718396532541,79.3801420590607,0.01058973851441557,0.0199886602928557,0.06599334550034153,27.10973059690492,0.00039062499999998473,,,
angle_count,25 angles,sign(angle),0.0,25,-4.0,4.0,8.0,20.1,Angular NSI,True,0.0,0.0,346.9469299316406,0.3735240311667273,59.358890017756714,0.24138219178479425,0.30734397315223094,0.39223262491398936,617.9384109690974,0.00039062499999998473,,,
angle_span,4 deg total span,sign(angle),0.0,17,-2.0,2.0,4.0,20.1,DAS,True,0.0,0.0,10343.3544921875,,,0.27090801943157383,0.3354284772584119,0.4433453237924314,693.5245297448561,0.00039062499999998473,,,
angle_span,4 deg total span,sign(angle),0.0,17,-2.0,2.0,4.0,20.1,Conventional NSI,True,0.0,0.0,517.1104125976562,0.2941216733904741,64.90112509325695,0.01083224728941106,0.02043642593337975,0.06728830001274605,27.7305530608934,0.00039062499999998473,,,
angle_span,4 deg total span,sign(angle),0.0,17,-2.0,2.0,4.0,20.1,Angular NSI,True,0.0,0.0,517.1578979492188,1.2150388454327894,52.58065997527372,0.19717576709309492,0.26586332924114464,0.3664565679049293,504.7699637583427,0.00039062499999998473,,,
angle_span,8 deg total span,sign(angle),0.0,17,-4.0,4.0,8.0,20.1,DAS,True,0.0,0.0,53437.4453125,489.5172508311495,40.761553729128664,0.22583706239931722,0.2820058969681124,0.5243583409268576,578.1428797422747,0.00039062499999998473,,,
angle_span,8 deg total span,sign(angle),0.0,17,-4.0,4.0,8.0,20.1,Conventional NSI,True,0.0,0.0,2671.673583984375,0.13801952320384245,85.73685747280074,0.008978267001653516,0.0169533689600971,0.05598056879039014,22.9843635242339,0.00039062499999998473,,,
angle_span,8 deg total span,sign(angle),0.0,17,-4.0,4.0,8.0,20.1,Angular NSI,True,0.0,0.0,2671.8544921875,6.070832168657264,52.87129152509827,0.11595492502846433,0.17584034134768844,0.28936837755388345,296.8446080728803,0.00039062499999998473,,,
angle_span,12 deg total span,sign(angle),0.0,17,-6.0,6.0,12.0,20.1,DAS,True,0.0,0.0,66007.6953125,,,0.25613700328219274,0.3223973722310354,0.6676546021707661,655.710728402439,0.00039062499999998473,,,
angle_span,12 deg total span,sign(angle),0.0,17,-6.0,6.0,12.0,20.1,Conventional NSI,True,0.0,0.0,3300.092529296875,1.34483998728183,67.79711006189294,0.009866285745721598,0.01854791878498272,0.06106748974149914,25.25769150904828,0.00039062499999998473,,,
angle_span,12 deg total span,sign(angle),0.0,17,-6.0,6.0,12.0,20.1,Angular NSI,True,0.0,0.0,3300.380615234375,9.780222057277207,50.56430624374316,0.15101533828133443,0.21863068111260076,0.34018244539134773,386.59926600023124,0.00039062499999998473,,,
angle_span,16 deg total span,sign(angle),0.0,17,-8.0,8.0,16.0,20.1,DAS,True,0.000390625,0.000390625,30618.59375,,,0.28361234976651617,0.38520543304514443,0.8530040718059333,726.0476154023098,0.00039062499999998473,,,
angle_span,16 deg total span,sign(angle),0.0,17,-8.0,8.0,16.0,20.1,Conventional NSI,True,0.0,0.0,1530.780029296875,2.88635298049281,54.49126693205063,0.009588226647737053,0.01778367458241671,0.05807141420462987,24.545860218207817,0.00039062499999998473,,,
angle_span,16 deg total span,sign(angle),0.0,17,-8.0,8.0,16.0,20.1,Angular NSI,True,0.0,0.0,1530.9134521484375,17.45203063425936,38.862093451348684,0.09212706848678087,0.15140798696039398,0.3283871490636503,235.84529532616824,0.00039062499999998473,,,
missing_angle,symmetric baseline,sign(angle),0.0,17,-4.0,4.0,8.0,20.1,DAS,True,0.0,0.0,53437.4453125,489.5172508311495,40.761553729128664,0.22583706239931722,0.2820058969681124,0.5243583409268576,578.1428797422747,0.00039062499999998473,,,
missing_angle,symmetric baseline,sign(angle),0.0,17,-4.0,4.0,8.0,20.1,Conventional NSI,True,0.0,0.0,2671.673583984375,0.13801952320384245,85.73685747280074,0.008978267001653516,0.0169533689600971,0.05598056879039014,22.9843635242339,0.00039062499999998473,,,
missing_angle,symmetric baseline,sign(angle),0.0,17,-4.0,4.0,8.0,20.1,Angular NSI,True,0.0,0.0,2671.8544921875,6.070832168657264,52.87129152509827,0.11595492502846433,0.17584034134768844,0.28936837755388345,296.8446080728803,0.00039062499999998473,,,
missing_angle,missing: raw sign,"sign(angle), not zero mean",-1.0,16,-4.0,4.0,8.0,20.1,DAS,True,0.0,0.0,51781.25,861.1452915449979,35.58192197493795,0.2253850504748762,0.28083668314066723,0.37933367453687017,576.9857292157056,0.00039062499999998473,,2.0,15.0
missing_angle,missing: raw sign,"sign(angle), not zero mean",-1.0,16,-4.0,4.0,8.0,20.1,Conventional NSI,True,0.0,0.0,2588.870849609375,0.20079072607446247,82.20733470521934,0.008980950115701321,0.0169623201302926,0.05604313753858025,22.99123229619628,0.00039062499999998473,,2.0,15.0
missing_angle,missing: raw sign,"sign(angle), not zero mean",-1.0,16,-4.0,4.0,8.0,20.1,Angular NSI,True,-0.012890625000000001,-0.012890625000000001,952.443603515625,0.9644880478014681,59.89084838733622,0.14660293115462275,0.1874913074597745,0.2523254041781803,375.3035037558489,0.00039062499999998473,,2.0,15.0
missing_angle,missing: recentered,"zero-mean, L1-normalized recentering",0.0,16,-4.0,4.0,8.0,20.1,DAS,True,0.0,0.0,51781.25,861.1452915449979,35.58192197493795,0.2253850504748762,0.28083668314066723,0.37933367453687017,576.9857292157056,0.00039062499999998473,,2.0,15.0
missing_angle,missing: recentered,"zero-mean, L1-normalized recentering",0.0,16,-4.0,4.0,8.0,20.1,Conventional NSI,True,0.0,0.0,2588.870849609375,0.20079072607446247,82.20733470521934,0.008980950115701321,0.0169623201302926,0.05604313753858025,22.99123229619628,0.00039062499999998473,,2.0,15.0
missing_angle,missing: recentered,"zero-mean, L1-normalized recentering",0.0,16,-4.0,4.0,8.0,20.1,Angular NSI,True,0.058984375000000006,0.058984375000000006,1236.763916015625,0.7395571286724361,64.46630156183949,0.19259942098004693,0.2409663170638306,0.3174781082446883,493.0545177089394,0.00039062499999998473,,2.0,15.0
