perturbation_type,noise_snr_db,phase_jitter_sd_deg,realization,angle_count,minimum_angle_deg,maximum_angle_deg,total_angle_span_deg,evaluation_z_mm,method,measurement_ok,peak_x_mm,peak_x_bias_mm,peak_amplitude,background_rms,peak_to_background_db,lateral_fwhm_mm,lateral_width_minus10_db_mm,lateral_width_minus20_db_mm,samples_per_fwhm,grid_spacing_mm,measurement_error
noise,infinity,0.0,1,17,-4.0,4.0,8.0,20.1,DAS,True,0.0,0.0,53437.4453125,489.5172508311495,40.761553729128664,0.22583706239931722,0.2820058969681124,0.5243583409268576,578.1428797422747,0.00039062499999998473,
noise,infinity,0.0,1,17,-4.0,4.0,8.0,20.1,Conventional NSI,True,0.0,0.0,2671.673583984375,0.13801952320384245,85.73685747280074,0.008978267001653516,0.0169533689600971,0.05598056879039014,22.9843635242339,0.00039062499999998473,
noise,infinity,0.0,1,17,-4.0,4.0,8.0,20.1,Angular NSI,True,0.0,0.0,2671.8544921875,6.070832168657264,52.87129152509827,0.11595492502846433,0.17584034134768844,0.28936837755388345,296.8446080728803,0.00039062499999998473,
noise,infinity,0.0,2,17,-4.0,4.0,8.0,20.1,DAS,True,0.0,0.0,53437.4453125,489.5172508311495,40.761553729128664,0.22583706239931722,0.2820058969681124,0.5243583409268576,578.1428797422747,0.00039062499999998473,
noise,infinity,0.0,2,17,-4.0,4.0,8.0,20.1,Conventional NSI,True,0.0,0.0,2671.673583984375,0.13801952320384245,85.73685747280074,0.008978267001653516,0.0169533689600971,0.05598056879039014,22.9843635242339,0.00039062499999998473,
noise,infinity,0.0,2,17,-4.0,4.0,8.0,20.1,Angular NSI,True,0.0,0.0,2671.8544921875,6.070832168657264,52.87129152509827,0.11595492502846433,0.17584034134768844,0.28936837755388345,296.8446080728803,0.00039062499999998473,
noise,infinity,0.0,3,17,-4.0,4.0,8.0,20.1,DAS,True,0.0,0.0,53437.4453125,489.5172508311495,40.761553729128664,0.22583706239931722,0.2820058969681124,0.5243583409268576,578.1428797422747,0.00039062499999998473,
noise,infinity,0.0,3,17,-4.0,4.0,8.0,20.1,Conventional NSI,True,0.0,0.0,2671.673583984375,0.13801952320384245,85.73685747280074,0.008978267001653516,0.0169533689600971,0.05598056879039014,22.9843635242339,0.00039062499999998473,
noise,infinity,0.0,3,17,-4.0,4.0,8.0,20.1,Angular NSI,True,0.0,0.0,2671.8544921875,6.070832168657264,52.87129152509827,0.11595492502846433,0.17584034134768844,0.28936837755388345,296.8446080728803,0.00039062499999998473,
noise,infinity,0.0,4,17,-4.0,4.0,8.0,20.1,DAS,True,0.0,0.0,53437.4453125,489.5172508311495,40.761553729128664,0.22583706239931722,0.2820058969681124,0.5243583409268576,578.1428797422747,0.00039062499999998473,
noise,infinity,0.0,4,17,-4.0,4.0,8.0,20.1,Conventional NSI,True,0.0,0.0,2671.673583984375,0.13801952320384245,85.73685747280074,0.008978267001653516,0.0169533689600971,0.05598056879039014,22.9843635242339,0.00039062499999998473,
noise,infinity,0.0,4,17,-4.0,4.0,8.0,20.1,Angular NSI,True,0.0,0.0,2671.8544921875,6.070832168657264,52.87129152509827,0.11595492502846433,0.17584034134768844,0.28936837755388345,296.8446080728803,0.00039062499999998473,
noise,infinity,0.0,5,17,-4.0,4.0,8.0,20.1,DAS,True,0.0,0.0,53437.4453125,489.5172508311495,40.761553729128664,0.22583706239931722,0.2820058969681124,0.5243583409268576,578.1428797422747,0.00039062499999998473,
noise,infinity,0.0,5,17,-4.0,4.0,8.0,20.1,Conventional NSI,True,0.0,0.0,2671.673583984375,0.13801952320384245,85.73685747280074,0.008978267001653516,0.0169533689600971,0.05598056879039014,22.9843635242339,0.00039062499999998473,
noise,infinity,0.0,5,17,-4.0,4.0,8.0,20.1,Angular NSI,True,0.0,0.0,2671.8544921875,6.070832168657264,52.87129152509827,0.11595492502846433,0.17584034134768844,0.28936837755388345,296.8446080728803,0.00039062499999998473,
noise,infinity,0.0,6,17,-4.0,4.0,8.0,20.1,DAS,True,0.0,0.0,53437.4453125,489.5172508311495,40.761553729128664,0.22583706239931722,0.2820058969681124,0.5243583409268576,578.1428797422747,0.00039062499999998473,
noise,infinity,0.0,6,17,-4.0,4.0,8.0,20.1,Conventional NSI,True,0.0,0.0,2671.673583984375,0.13801952320384245,85.73685747280074,0.008978267001653516,0.0169533689600971,0.05598056879039014,22.9843635242339,0.00039062499999998473,
noise,infinity,0.0,6,17,-4.0,4.0,8.0,20.1,Angular NSI,True,0.0,0.0,2671.8544921875,6.070832168657264,52.87129152509827,0.11595492502846433,0.17584034134768844,0.28936837755388345,296.8446080728803,0.00039062499999998473,
noise,infinity,0.0,7,17,-4.0,4.0,8.0,20.1,DAS,True,0.0,0.0,53437.4453125,489.5172508311495,40.761553729128664,0.22583706239931722,0.2820058969681124,0.5243583409268576,578.1428797422747,0.00039062499999998473,
noise,infinity,0.0,7,17,-4.0,4.0,8.0,20.1,Conventional NSI,True,0.0,0.0,2671.673583984375,0.13801952320384245,85.73685747280074,0.008978267001653516,0.0169533689600971,0.05598056879039014,22.9843635242339,0.00039062499999998473,
noise,infinity,0.0,7,17,-4.0,4.0,8.0,20.1,Angular NSI,True,0.0,0.0,2671.8544921875,6.070832168657264,52.87129152509827,0.11595492502846433,0.17584034134768844,0.28936837755388345,296.8446080728803,0.00039062499999998473,
noise,infinity,0.0,8,17,-4.0,4.0,8.0,20.1,DAS,True,0.0,0.0,53437.4453125,489.5172508311495,40.761553729128664,0.22583706239931722,0.2820058969681124,0.5243583409268576,578.1428797422747,0.00039062499999998473,
noise,infinity,0.0,8,17,-4.0,4.0,8.0,20.1,Conventional NSI,True,0.0,0.0,2671.673583984375,0.13801952320384245,85.73685747280074,0.008978267001653516,0.0169533689600971,0.05598056879039014,22.9843635242339,0.00039062499999998473,
noise,infinity,0.0,8,17,-4.0,4.0,8.0,20.1,Angular NSI,True,0.0,0.0,2671.8544921875,6.070832168657264,52.87129152509827,0.11595492502846433,0.17584034134768844,0.28936837755388345,296.8446080728803,0.00039062499999998473,
noise,infinity,0.0,9,17,-4.0,4.0,8.0,20.1,DAS,True,0.0,0.0,53437.4453125,489.5172508311495,40.761553729128664,0.22583706239931722,0.2820058969681124,0.5243583409268576,578.1428797422747,0.00039062499999998473,
noise,infinity,0.0,9,17,-4.0,4.0,8.0,20.1,Conventional NSI,True,0.0,0.0,2671.673583984375,0.13801952320384245,85.73685747280074,0.008978267001653516,0.0169533689600971,0.05598056879039014,22.9843635242339,0.00039062499999998473,
noise,infinity,0.0,9,17,-4.0,4.0,8.0,20.1,Angular NSI,True,0.0,0.0,2671.8544921875,6.070832168657264,52.87129152509827,0.11595492502846433,0.17584034134768844,0.28936837755388345,296.8446080728803,0.00039062499999998473,
noise,infinity,0.0,10,17,-4.0,4.0,8.0,20.1,DAS,True,0.0,0.0,53437.4453125,489.5172508311495,40.761553729128664,0.22583706239931722,0.2820058969681124,0.5243583409268576,578.1428797422747,0.00039062499999998473,
noise,infinity,0.0,10,17,-4.0,4.0,8.0,20.1,Conventional NSI,True,0.0,0.0,2671.673583984375,0.13801952320384245,85.73685747280074,0.008978267001653516,0.0169533689600971,0.05598056879039014,22.9843635242339,0.00039062499999998473,
noise,infinity,0.0,10,17,-4.0,4.0,8.0,20.1,Angular NSI,True,0.0,0.0,2671.8544921875,6.070832168657264,52.87129152509827,0.11595492502846433,0.17584034134768844,0.28936837755388345,296.8446080728803,0.00039062499999998473,
noise,40.0,0.0,1,17,-4.0,4.0,8.0,20.1,DAS,True,0.0,0.0,53438.9765625,489.2355714039364,40.766802117929245,0.22584133410995288,0.2820121443174484,0.5242997490636485,578.153815321502,0.00039062499999998473,
noise,40.0,0.0,1,17,-4.0,4.0,8.0,20.1,Conventional NSI,True,0.0,0.0,2668.521484375,0.13773103362937203,85.7447779386153,0.008997868885085258,0.01698068270305265,0.05605069082019094,23.03454434581916,0.00039062499999998473,
noise,40.0,0.0,1,17,-4.0,4.0,8.0,20.1,Angular NSI,True,0.0,0.0,2667.384033203125,6.041835076013412,52.898333620444305,0.11610037209759608,0.17609959959690089,0.2896983446984076,297.2169525698576,0.00039062499999998473,
noise,40.0,0.0,2,17,-4.0,4.0,8.0,20.1,DAS,True,0.0,0.0,53438.60546875,491.85344594998077,40.72038795725983,0.22581884163665003,0.28198448598855885,0.5243384112220485,578.0962345898466,0.00039062499999998473,
noise,40.0,0.0,2,17,-4.0,4.0,8.0,20.1,Conventional NSI,True,0.0,0.0,2670.563720703125,0.13776861116564035,85.74905329050635,0.00898319651456941,0.01695913604423333,0.05599492938676108,22.996983077298587,0.00039062499999998473,
noise,40.0,0.0,2,17,-4.0,4.0,8.0,20.1,Angular NSI,True,0.0,0.0,2666.321533203125,6.056297167009127,52.87410686631922,0.11630350522558013,0.17628185041630523,0.28983195830060454,297.7369733774968,0.00039062499999998473,
noise,40.0,0.0,3,17,-4.0,4.0,8.0,20.1,DAS,True,0.0,0.0,53434.64453125,489.0226145510796,40.769879627286755,0.22585872426907255,0.2820272587858801,0.5244559267595945,578.1983341288484,0.00039062499999998473,
noise,40.0,0.0,3,17,-4.0,4.0,8.0,20.1,Conventional NSI,True,0.0,0.0,2667.3974609375,0.1376318430546974,85.74737615600321,0.009002307349178921,0.016986231908244713,0.05606724614678758,23.045906813898938,0.00039062499999998473,
noise,40.0,0.0,3,17,-4.0,4.0,8.0,20.1,Angular NSI,True,0.0,0.0,2667.423583984375,6.075613813807623,52.85003651585154,0.1161214952509185,0.17592888807416024,0.2893922764501127,297.27102784236297,0.00039062499999998473,
noise,40.0,0.0,4,17,-4.0,4.0,8.0,20.1,DAS,True,0.0,0.0,53442.73046875,492.79168641236674,40.70450532571058,0.22581432197930726,0.2819791770527126,0.5243650967430675,578.0846642670492,0.00039062499999998473,
noise,40.0,0.0,4,17,-4.0,4.0,8.0,20.1,Conventional NSI,True,0.0,0.0,2662.96044921875,0.1385002126384803,85.67828552188723,0.009027805780417217,0.017020714643167605,0.05614662149150592,23.111182797868977,0.00039062499999998473,
noise,40.0,0.0,4,17,-4.0,4.0,8.0,20.1,Angular NSI,True,0.0,0.0,2670.490966796875,6.064764333341873,52.87554367388124,0.11600422786779926,0.17564687348395136,0.28906463581219155,296.9708233415777,0.00039062499999998473,
noise,40.0,0.0,5,17,-4.0,4.0,8.0,20.1,DAS,True,0.0,0.0,53435.609375,491.6832811234078,40.72290650670094,0.22586569843306448,0.2820414437819798,0.5243039728959277,578.2161879886677,0.00039062499999998473,
noise,40.0,0.0,5,17,-4.0,4.0,8.0,20.1,Conventional NSI,True,0.0,0.0,2661.47705078125,0.13783600821144845,85.71520076891105,0.009035685618308122,0.01703209180239864,0.05618224247190981,23.131355182869694,0.00039062499999998473,
noise,40.0,0.0,5,17,-4.0,4.0,8.0,20.1,Angular NSI,True,0.0,0.0,2669.4189453125,6.069754159811696,52.86491273963671,0.11613044943948032,0.17608900612993655,0.2892733925663219,297.2939505650813,0.00039062499999998473,
noise,40.0,0.0,6,17,-4.0,4.0,8.0,20.1,DAS,True,0.0,0.0,53437.55859375,489.81820659622394,40.7562336882009,0.22583528696707988,0.2820080888073133,0.5246049498093519,578.1383346357471,0.00039062499999998473,
noise,40.0,0.0,6,17,-4.0,4.0,8.0,20.1,Conventional NSI,True,0.0,0.0,2664.003662109375,0.13817040065714636,85.70239601154044,0.009020167150365736,0.01700990207104763,0.05612234762726159,23.091627904937187,0.00039062499999998473,
noise,40.0,0.0,6,17,-4.0,4.0,8.0,20.1,Angular NSI,True,-0.000390625,-0.000390625,2664.32861328125,6.021612702590067,52.917499393907086,0.11615223958514923,0.17596299409050792,0.2895282800969625,297.34973333799365,0.00039062499999998473,
noise,40.0,0.0,7,17,-4.0,4.0,8.0,20.1,DAS,True,0.0,0.0,53437.33984375,489.6613986003156,40.75897923514742,0.2258569067322615,0.2820374421453523,0.5243856629158254,578.1936812346121,0.00039062499999998473,
noise,40.0,0.0,7,17,-4.0,4.0,8.0,20.1,Conventional NSI,True,0.0,0.0,2667.65087890625,0.13830011819750118,85.70612881304004,0.009000301420068212,0.016983389048519794,0.05605758680251213,23.04077163537552,0.00039062499999998473,
noise,40.0,0.0,7,17,-4.0,4.0,8.0,20.1,Angular NSI,True,0.0,0.0,2667.265625,6.0494985818182725,52.8869377735862,0.11614919286797326,0.17600755487906658,0.28941400038836906,297.3419337420232,0.00039062499999998473,
noise,40.0,0.0,8,17,-4.0,4.0,8.0,20.1,DAS,True,0.0,0.0,53439.01171875,489.9238745325797,40.754596284761206,0.22585115634059283,0.28200958251878294,0.5244827402842511,578.1789602319402,0.00039062499999998473,
noise,40.0,0.0,8,17,-4.0,4.0,8.0,20.1,Conventional NSI,True,0.0,0.0,2665.053466796875,0.13778572370944792,85.73003409355178,0.009015440523034296,0.017004186388042485,0.05611088770679117,23.0795277389687,0.00039062499999998473,
noise,40.0,0.0,8,17,-4.0,4.0,8.0,20.1,Angular NSI,True,0.0,0.0,2662.928955078125,6.038400500551729,52.88875330922042,0.11668504357851933,0.17654435479211006,0.28982353558572493,298.71371156102117,0.00039062499999998473,
noise,40.0,0.0,9,17,-4.0,4.0,8.0,20.1,DAS,True,0.0,0.0,53440.75390625,489.7470661542141,40.75801466452326,0.22584473780027398,0.28199546982878265,0.5242807863949577,578.162528768724,0.00039062499999998473,
noise,40.0,0.0,9,17,-4.0,4.0,8.0,20.1,Conventional NSI,True,0.0,0.0,2667.19091796875,0.13804579166966627,85.7206186395523,0.009001991435295089,0.016984698771367324,0.05605919506304681,23.04509807435633,0.00039062499999998473,
noise,40.0,0.0,9,17,-4.0,4.0,8.0,20.1,Angular NSI,True,0.0,0.0,2667.096923828125,6.065773605731019,52.86305202965409,0.11624860864529271,0.17607857482538586,0.2893695928963083,297.59643813196095,0.00039062499999998473,
noise,40.0,0.0,10,17,-4.0,4.0,8.0,20.1,DAS,True,0.0,0.0,53437.70703125,491.2589028582798,40.73074761338917,0.22582115336620584,0.2819878028139161,0.5244273010112512,578.1021526175095,0.00039062499999998473,
noise,40.0,0.0,10,17,-4.0,4.0,8.0,20.1,Conventional NSI,True,0.0,0.0,2665.91552734375,0.13788461425372056,85.726611513909,0.009008005691239905,0.016992630790952618,0.05607780577854314,23.06049456957506,0.00039062499999998473,
noise,40.0,0.0,10,17,-4.0,4.0,8.0,20.1,Angular NSI,True,0.0,0.0,2668.730224609375,6.049341632733489,52.89193125074459,0.11607729927357972,0.17609392734462764,0.2896783790941098,297.1578861403757,0.00039062499999998473,
noise,30.0,0.0,1,17,-4.0,4.0,8.0,20.1,DAS,True,0.0,0.0,53439.57421875,496.768357404367,40.63418128766568,0.22572884168464855,0.28191022995958065,0.5241363035156745,577.8658347127229,0.00039062499999998473,
noise,30.0,0.0,1,17,-4.0,4.0,8.0,20.1,Conventional NSI,True,0.0,0.0,2657.411376953125,0.1377440327414437,85.70771992552852,0.009054264398314795,0.017056002987563008,0.05623916195536189,23.178916859686783,0.00039062499999998473,
noise,30.0,0.0,1,17,-4.0,4.0,8.0,20.1,Angular NSI,True,0.00078125,0.00078125,2664.74072265625,6.132446092483204,52.76042439335103,0.11540617044496601,0.17522217392119432,0.28878454812872656,295.43979633912454,0.00039062499999998473,
noise,30.0,0.0,2,17,-4.0,4.0,8.0,20.1,DAS,True,0.0,0.0,53450.87109375,507.7017012973357,40.44692337242198,0.2258713644899111,0.2820910865563071,0.5243648659547944,578.230693094195,0.00039062499999998473,
noise,30.0,0.0,2,17,-4.0,4.0,8.0,20.1,Conventional NSI,True,0.0,0.0,2668.07666015625,0.13782743244735515,85.73725275734274,0.008998340648662784,0.016980624900550828,0.056059545030173435,23.035752060577625,0.00039062499999998473,
noise,30.0,0.0,2,17,-4.0,4.0,8.0,20.1,Angular NSI,True,0.000390625,0.000390625,2656.579833984375,6.051005787856523,52.849906065309966,0.11704360198801753,0.17712277901282697,0.2895374144240146,299.6316210893366,0.00039062499999998473,
noise,30.0,0.0,3,17,-4.0,4.0,8.0,20.1,DAS,True,0.0,0.0,53412.03515625,490.0292246767755,40.74834289306285,0.2259317500212198,0.282115640359207,0.5244833406992618,578.3852800543452,0.00039062499999998473,
noise,30.0,0.0,3,17,-4.0,4.0,8.0,20.1,Conventional NSI,True,0.0,0.0,2641.574951171875,0.13904435329249343,85.57419162458702,0.009138156947100696,0.01717283703899846,0.05654633916845449,23.393681784578696,0.00039062499999998473,
noise,30.0,0.0,3,17,-4.0,4.0,8.0,20.1,Angular NSI,True,-0.000390625,-0.000390625,2666.5771484375,6.037243173094974,52.90230967941148,0.11686187601377662,0.17649328092599534,0.2887071934635691,299.16640259527986,0.00039062499999998473,
noise,30.0,0.0,4,17,-4.0,4.0,8.0,20.1,DAS,True,0.0,0.0,53430.51953125,490.5250576541691,40.742563991417384,0.22589227115016608,0.2820747622268711,0.5247096006908611,578.2842141444478,0.00039062499999998473,
noise,30.0,0.0,4,17,-4.0,4.0,8.0,20.1,Conventional NSI,True,0.0,0.0,2659.374755859375,0.13827039193079174,85.68100696061211,0.009041226201601943,0.017038275539588046,0.05620901988211503,23.14553907610188,0.00039062499999998473,
noise,30.0,0.0,4,17,-4.0,4.0,8.0,20.1,Angular NSI,True,0.0,0.0,2668.935546875,6.022385961804208,52.93139001806065,0.11672050757091582,0.1760044260659155,0.28942692328771213,298.8044993815562,0.00039062499999998473,
noise,30.0,0.0,5,17,-4.0,4.0,8.0,20.1,DAS,True,0.0,0.0,53449.6796875,486.2870461987869,40.82104812020753,0.22583780011476,0.2820345323574198,0.5242460897540974,578.1447682938082,0.00039062499999998473,
noise,30.0,0.0,5,17,-4.0,4.0,8.0,20.1,Conventional NSI,True,0.0,0.0,2660.525390625,0.13764811895397772,85.72394254168927,0.009042618944117349,0.01704054899630416,0.05619673487315756,23.14910449694132,0.00039062499999998473,
noise,30.0,0.0,5,17,-4.0,4.0,8.0,20.1,Angular NSI,True,-0.000390625,-0.000390625,2649.962646484375,5.922839373744272,53.01419594810196,0.11633016236492069,0.17692282280683125,0.29046738444194603,297.8052156542086,0.00039062499999998473,
noise,30.0,0.0,6,17,-4.0,4.0,8.0,20.1,DAS,True,0.0,0.0,53457.06640625,498.258079598153,40.61101544471806,0.225781622419747,0.28198461151343246,0.5238835478399789,578.0009533945749,0.00039062499999998473,
noise,30.0,0.0,6,17,-4.0,4.0,8.0,20.1,Conventional NSI,True,0.0,0.0,2657.480224609375,0.1374131157156112,85.72883708986019,0.009056584873726053,0.01705647230245734,0.05622929461240499,23.184857276739603,0.00039062499999998473,
noise,30.0,0.0,6,17,-4.0,4.0,8.0,20.1,Angular NSI,True,0.00078125,0.00078125,2669.659423828125,6.146582549302635,52.75644284149042,0.11628779251964286,0.17547846796221983,0.28857990590128363,297.69674885029735,0.00039062499999998473,
noise,30.0,0.0,7,17,-4.0,4.0,8.0,20.1,DAS,True,0.0,0.0,53464.0625,497.51979944993144,40.6250317413759,0.2257749906638494,0.28196028272892654,0.5239642904623922,577.9839760994771,0.00039062499999998473,
noise,30.0,0.0,7,17,-4.0,4.0,8.0,20.1,Conventional NSI,True,0.0,0.0,2656.850341796875,0.13977000179933186,85.57906241776207,0.009065330883193251,0.017069640770908466,0.056263927699340355,23.20724706097563,0.00039062499999998473,
noise,30.0,0.0,7,17,-4.0,4.0,8.0,20.1,Angular NSI,True,0.00078125,0.00078125,2667.4931640625,6.061189677162878,52.87090880454545,0.11706519116001456,0.17630649081641003,0.2897089261188255,299.68688936964895,0.00039062499999998473,
noise,30.0,0.0,8,17,-4.0,4.0,8.0,20.1,DAS,True,0.0,0.0,53432.26953125,484.5241456369828,40.8497639352924,0.22584002498607028,0.28202668331099545,0.5241797941477069,578.1504639643625,0.00039062499999998473,
noise,30.0,0.0,8,17,-4.0,4.0,8.0,20.1,Conventional NSI,True,0.0,0.0,2647.2392578125,0.13828025167512523,85.64066066722847,0.009112478067981841,0.017138105008839,0.05643570895860133,23.327943854034423,0.00039062499999998473,
noise,30.0,0.0,8,17,-4.0,4.0,8.0,20.1,Angular NSI,True,0.0011718750000000002,0.0011718750000000002,2659.146240234375,5.999270983195667,52.932874858222675,0.11677875926954238,0.17637012694985735,0.2893297553951001,298.9536237300402,0.00039062499999998473,
noise,30.0,0.0,9,17,-4.0,4.0,8.0,20.1,DAS,True,0.0,0.0,53436.703125,481.6213154469968,40.90267912313928,0.22582917607941405,0.28202538233844937,0.524542141808082,578.1226907633226,0.00039062499999998473,
noise,30.0,0.0,9,17,-4.0,4.0,8.0,20.1,Conventional NSI,True,0.0,0.0,2653.46630859375,0.13667453830404325,85.76251924434871,0.009087697870788973,0.017107426782824703,0.056382278898154774,23.26450654922068,0.00039062499999998473,
noise,30.0,0.0,9,17,-4.0,4.0,8.0,20.1,Angular NSI,True,-0.00078125,-0.00078125,2667.628173828125,5.901435896245268,53.103352030263494,0.11570988388118954,0.17546529801706784,0.28959136056620577,296.2173027358568,0.00039062499999998473,
noise,30.0,0.0,10,17,-4.0,4.0,8.0,20.1,DAS,True,0.0,0.0,53440.44140625,501.480331867871,40.552322641233154,0.22584410635983448,0.28202793476235244,0.5250353005449887,578.1609122811989,0.00039062499999998473,
noise,30.0,0.0,10,17,-4.0,4.0,8.0,20.1,Conventional NSI,True,0.0,0.0,2652.756591796875,0.13909556385195984,85.60768246074646,0.009081251385260811,0.017092378729040292,0.05632599753262778,23.248003546268585,0.00039062499999998473,
noise,30.0,0.0,10,17,-4.0,4.0,8.0,20.1,Angular NSI,True,0.0,0.0,2662.82666015625,6.139969594037191,52.743533519719975,0.11697101209922708,0.17715578348519231,0.29166305653490754,299.44579097403306,0.00039062499999998473,
noise,20.0,0.0,1,17,-4.0,4.0,8.0,20.1,DAS,True,0.0,0.0,53457.75,499.79923546415137,40.58430176383573,0.22582877512769567,0.2821617479195332,0.5256747108269508,578.1216643269235,0.00039062499999998473,
noise,20.0,0.0,1,17,-4.0,4.0,8.0,20.1,Conventional NSI,True,0.0,0.0,2617.5791015625,0.13300415529813586,85.88069210601066,0.009291235094247362,0.017385030222715675,0.05705353063866911,23.785561841274177,0.00039062499999998473,
noise,20.0,0.0,1,17,-4.0,4.0,8.0,20.1,Angular NSI,True,0.0011718750000000002,0.0011718750000000002,2612.984130859375,5.858181722194127,52.987478654217995,0.11808506395165189,0.17760999940030292,0.29484005365399696,302.29776371624064,0.00039062499999998473,
noise,20.0,0.0,2,17,-4.0,4.0,8.0,20.1,DAS,True,0.0,0.0,53398.5078125,494.95865339173986,40.65920399325164,0.22585993645058744,0.28216539157169734,0.5255511829612864,578.2014373135264,0.00039062499999998473,
noise,20.0,0.0,2,17,-4.0,4.0,8.0,20.1,Conventional NSI,True,0.0,0.0,2625.516845703125,0.13694328102629108,85.65348160409891,0.00921982606485429,0.017290907515071247,0.05685256809889987,23.602754726027907,0.00039062499999998473,
noise,20.0,0.0,2,17,-4.0,4.0,8.0,20.1,Angular NSI,True,-0.003125,-0.003125,2635.49462890625,5.488290691303809,53.628500588727455,0.11852354294348907,0.17978312533731905,0.2931545017648489,303.42026993534387,0.00039062499999998473,
noise,20.0,0.0,3,17,-4.0,4.0,8.0,20.1,DAS,True,0.0,0.0,53483.2890625,510.26142212172596,40.408507442275834,0.2253502634128739,0.2815799002596924,0.5273127413290724,576.8966743369797,0.00039062499999998473,
noise,20.0,0.0,3,17,-4.0,4.0,8.0,20.1,Conventional NSI,True,0.0,0.0,2653.424560546875,0.14518474845973672,85.2377149649576,0.009086383496846564,0.017098051468633094,0.05632421036113741,23.26114175192811,0.00039062499999998473,
noise,20.0,0.0,3,17,-4.0,4.0,8.0,20.1,Angular NSI,True,0.0027343750000000003,0.0027343750000000003,2579.593994140625,6.297555190974843,52.24758749690605,0.12011978010536722,0.1800830329701705,0.2918045045884605,307.5066370697521,0.00039062499999998473,
noise,20.0,0.0,4,17,-4.0,4.0,8.0,20.1,DAS,True,0.0,0.0,53446.0546875,495.9826186301869,40.64898389030994,0.22590061724712396,0.28201007789386634,0.5203541127177537,578.3055801526599,0.00039062499999998473,
noise,20.0,0.0,4,17,-4.0,4.0,8.0,20.1,Conventional NSI,True,0.0,0.0,2595.13330078125,0.1363196539070743,85.59202391530646,0.009414233683684017,0.017558218839607988,0.057533340519809746,24.100438230232026,0.00039062499999998473,
noise,20.0,0.0,4,17,-4.0,4.0,8.0,20.1,Angular NSI,True,-0.0015625,-0.0015625,2638.06396484375,6.312877346953289,52.421159402734375,0.11926293145511382,0.17904081161737656,0.29080030532631174,305.3131045251033,0.00039062499999998473,
noise,20.0,0.0,5,17,-4.0,4.0,8.0,20.1,DAS,True,0.0,0.0,53435.76171875,492.46105215623817,40.70920231874919,0.22579439865746814,0.2818022744513677,0.5257384606421077,578.033660563141,0.00039062499999998473,
noise,20.0,0.0,5,17,-4.0,4.0,8.0,20.1,Conventional NSI,True,0.0,0.0,2582.942138671875,0.14273511296702954,85.15167708833162,0.009473955661307114,0.017637436148157364,0.05769900359697805,24.25332649294716,0.00039062499999998473,
noise,20.0,0.0,5,17,-4.0,4.0,8.0,20.1,Angular NSI,True,0.00078125,0.00078125,2666.55322265625,6.5264739527741265,52.225432945217,0.11522930896824779,0.17558132431121287,0.2899598729229958,294.9870309587259,0.00039062499999998473,
noise,20.0,0.0,6,17,-4.0,4.0,8.0,20.1,DAS,True,0.0,0.0,53449.671875,506.52568233190965,40.46687146372355,0.22592356933789862,0.2820522519817534,0.5234989042056108,578.3643375050431,0.00039062499999998473,
noise,20.0,0.0,6,17,-4.0,4.0,8.0,20.1,Conventional NSI,True,0.0,0.0,2578.01708984375,0.14043381020063203,85.27628225723375,0.009496342587901996,0.017666307437853353,0.05778810698663654,24.310637025030058,0.00039062499999998473,
noise,20.0,0.0,6,17,-4.0,4.0,8.0,20.1,Angular NSI,True,0.000390625,0.000390625,2660.6953125,5.610381080275011,53.52005566323839,0.11588875013408642,0.17406208993912892,0.2892189897128422,296.6752003432728,0.00039062499999998473,
noise,20.0,0.0,7,17,-4.0,4.0,8.0,20.1,DAS,True,0.0,0.0,53439.43359375,432.0796256819529,41.84596116708847,0.2257967162227314,0.28204296837433784,0.5251779560666231,578.0395935302149,0.00039062499999998473,
noise,20.0,0.0,7,17,-4.0,4.0,8.0,20.1,Conventional NSI,True,0.0,0.0,2633.13916015625,0.13282236946427842,85.94405176936739,0.009198714025049959,0.017264952329997675,0.05677858831836355,23.548707904128815,0.00039062499999998473,
noise,20.0,0.0,7,17,-4.0,4.0,8.0,20.1,Angular NSI,True,0.001953125,0.001953125,2664.552490234375,5.508614859995438,53.6916374139974,0.1146041458187442,0.17486653537387592,0.29251090176046135,293.3866132959966,0.00039062499999998473,
noise,20.0,0.0,8,17,-4.0,4.0,8.0,20.1,DAS,True,0.0,0.0,53417.5703125,491.1100273951533,40.73010657538278,0.22626781289254155,0.2823943256829625,0.5200491470169362,579.245601004929,0.00039062499999998473,
noise,20.0,0.0,8,17,-4.0,4.0,8.0,20.1,Conventional NSI,True,0.0,0.0,2659.588134765625,0.135696677799731,85.8449034321709,0.009070123820204168,0.017093918838771704,0.05638496429998385,23.219516979723576,0.00039062499999998473,
noise,20.0,0.0,8,17,-4.0,4.0,8.0,20.1,Angular NSI,True,0.0015625,0.0015625,2626.756103515625,6.747847673773304,51.80508959621993,0.11644274826598919,0.17788874081243106,0.29224482921761175,298.093435560944,0.00039062499999998473,
noise,20.0,0.0,9,17,-4.0,4.0,8.0,20.1,DAS,True,0.0,0.0,53469.04296875,525.9851074098283,40.142579259681014,0.2257273593906614,0.2819009125131555,0.524836408486494,577.8620400401157,0.00039062499999998473,
noise,20.0,0.0,9,17,-4.0,4.0,8.0,20.1,Conventional NSI,True,0.0,0.0,2585.892333984375,0.14503602850608813,85.022690792433,0.009459999701757076,0.017604129442353796,0.05763403039969289,24.217599236499062,0.00039062499999998473,
noise,20.0,0.0,9,17,-4.0,4.0,8.0,20.1,Angular NSI,True,-0.0015625,-0.0015625,2656.729248046875,5.904067103226315,53.063920241858455,0.11493114126484066,0.17327764456778277,0.28688931170798615,294.2237216380036,0.00039062499999998473,
noise,20.0,0.0,10,17,-4.0,4.0,8.0,20.1,DAS,True,0.0,0.0,53418.55078125,433.549509277081,41.81306805316083,0.22588266711774269,0.2822012134340422,0.5239654069213715,578.2596278214439,0.00039062499999998473,
noise,20.0,0.0,10,17,-4.0,4.0,8.0,20.1,Conventional NSI,True,0.0,0.0,2621.8466796875,0.13843533995181379,85.5472063980267,0.009251297563824038,0.017334058093707763,0.05690628620637825,23.683321763390463,0.00039062499999998473,
noise,20.0,0.0,10,17,-4.0,4.0,8.0,20.1,Angular NSI,True,-0.0027343750000000003,-0.0027343750000000003,2615.41650390625,5.874231502523205,52.97179603824784,0.11910912744951402,0.17852026042403812,0.2911753595247397,304.9193662707678,0.00039062499999998473,
noise,10.0,0.0,1,17,-4.0,4.0,8.0,20.1,DAS,True,-0.00078125,-0.00078125,53291.29296875,332.46768641588835,44.0981363221708,0.22675752690025755,0.2822122423579294,0.5202174603343406,580.499268864682,0.00039062499999998473,
noise,10.0,0.0,1,17,-4.0,4.0,8.0,20.1,Conventional NSI,True,-0.00078125,-0.00078125,2551.79443359375,0.1416697181159075,85.11137311929156,0.00954583044601114,0.017715924551886957,0.05799800976206469,24.43732594178947,0.00039062499999998473,
noise,10.0,0.0,1,17,-4.0,4.0,8.0,20.1,Angular NSI,True,0.009765625,0.009765625,2523.67041015625,7.330774727467381,50.737655234115294,0.12444398709389394,0.18215860815292195,0.2957125919194164,318.57660696038096,0.00039062499999998473,
noise,10.0,0.0,2,17,-4.0,4.0,8.0,20.1,DAS,True,0.0,0.0,53150.35546875,502.8351839737924,40.48161030494029,0.2261175142472373,0.2825197034205338,0.4003015991218404,578.8608364729502,0.00039062499999998473,
noise,10.0,0.0,2,17,-4.0,4.0,8.0,20.1,Conventional NSI,True,0.0,0.0,2592.694091796875,0.1640714421515812,83.97436565109787,0.009407533403546794,0.017574796175887204,0.05759532855228306,24.083285513080735,0.00039062499999998473,
noise,10.0,0.0,2,17,-4.0,4.0,8.0,20.1,Angular NSI,True,-0.00390625,-0.00390625,2521.770751953125,6.186709571179853,52.20491748785335,0.12382895327739872,0.1806699531763237,0.2843933721071457,317.0021203901531,0.00039062499999998473,
noise,10.0,0.0,3,17,-4.0,4.0,8.0,20.1,DAS,True,0.0,0.0,53595.98828125,458.38292699841634,41.35807700056192,0.22595698214286836,0.2821498353858505,0.5124930313210974,578.4498742857656,0.00039062499999998473,
noise,10.0,0.0,3,17,-4.0,4.0,8.0,20.1,Conventional NSI,True,-0.000390625,-0.000390625,2550.0791015625,0.14495347316469392,84.90650052772094,0.009644935803667118,0.01788698383434229,0.05847014339334278,24.691035657388785,0.00039062499999998473,
noise,10.0,0.0,3,17,-4.0,4.0,8.0,20.1,Angular NSI,True,0.0054687500000000005,0.0054687500000000005,2460.146240234375,4.7712432301774905,54.24658734405582,0.12408442851476256,0.18290882471916778,0.29202366188238804,317.6561369978046,0.00039062499999998473,
noise,10.0,0.0,4,17,-4.0,4.0,8.0,20.1,DAS,True,-0.00078125,-0.00078125,53428.515625,366.5216574174247,43.27346933603099,0.22485515067857265,0.2810216271514806,0.46042990948853646,575.6291857371684,0.00039062499999998473,
noise,10.0,0.0,4,17,-4.0,4.0,8.0,20.1,Conventional NSI,True,0.0,0.0,2609.202392578125,0.12147419561914191,86.64047472332146,0.009361772256680988,0.017506201392038196,0.057375205465211035,23.966136977104266,0.00039062499999998473,
noise,10.0,0.0,4,17,-4.0,4.0,8.0,20.1,Angular NSI,True,-0.00625,-0.00625,2517.403076171875,5.125544621228702,53.82425479726901,0.1235299408319559,0.17807577258919943,0.28783692016958584,316.23664852981943,0.00039062499999998473,
noise,10.0,0.0,5,17,-4.0,4.0,8.0,20.1,DAS,True,0.0,0.0,53265.84375,572.251505582935,39.37723733645776,0.22603731570905772,0.28209314539955876,0.5257754547700597,578.6555282152103,0.00039062499999998473,
noise,10.0,0.0,5,17,-4.0,4.0,8.0,20.1,Conventional NSI,True,0.0,0.0,2413.26806640625,0.14090997502530156,84.67327656392628,0.010434940683201634,0.019114638237096613,0.061620336704169824,26.713448148997227,0.00039062499999998473,
noise,10.0,0.0,5,17,-4.0,4.0,8.0,20.1,Angular NSI,True,0.003125,0.003125,2633.251953125,7.352981848175129,51.08057842243217,0.11265386354373735,0.17455981824504951,0.28622716466718257,288.3938906719789,0.00039062499999998473,
noise,10.0,0.0,6,17,-4.0,4.0,8.0,20.1,DAS,True,0.0,0.0,53144.21875,503.5317583088316,40.468583197433986,0.22577839965126262,0.2815592621591727,0.5176858213330917,577.9927031072549,0.00039062499999998473,
noise,10.0,0.0,6,17,-4.0,4.0,8.0,20.1,Conventional NSI,True,0.0,0.0,2571.662353515625,0.1485391652539962,84.76745936615886,0.009494524834948895,0.017689263706647054,0.05780211346251323,24.305983577470123,0.00039062499999998473,
noise,10.0,0.0,6,17,-4.0,4.0,8.0,20.1,Angular NSI,True,-0.008203125,-0.008203125,2486.48388671875,5.393655518043561,53.27404887425069,0.12833651290202996,0.18284283502541826,0.30773093174758887,328.54147302920956,0.00039062499999998473,
noise,10.0,0.0,7,17,-4.0,4.0,8.0,20.1,DAS,True,0.0,0.0,53464.1953125,506.405288072952,40.4712960512321,0.22581704467695973,0.2819876245799735,0.4654809506638179,578.0916343730395,0.00039062499999998473,
noise,10.0,0.0,7,17,-4.0,4.0,8.0,20.1,Conventional NSI,True,0.000390625,0.000390625,2585.81201171875,0.13606505901917854,85.57700668295972,0.009472631513471452,0.01762516295346212,0.05764969689180896,24.249936674487863,0.00039062499999998473,
noise,10.0,0.0,7,17,-4.0,4.0,8.0,20.1,Angular NSI,True,0.0,0.0,2626.049560546875,5.030504742596696,54.353827106979075,0.12698435323176216,0.18234101490469845,0.2916688298677622,325.0799442733238,0.00039062499999998473,
noise,10.0,0.0,8,17,-4.0,4.0,8.0,20.1,DAS,True,-0.00078125,-0.00078125,53374.7421875,559.5672578745208,39.58966991466315,0.22638867436387078,0.2826157742612256,0.4644834651723682,579.5550063715318,0.00039062499999998473,
noise,10.0,0.0,8,17,-4.0,4.0,8.0,20.1,Conventional NSI,True,-0.000390625,-0.000390625,2549.51953125,0.14953920328243847,84.63406561731296,0.009650213249719423,0.01791125391345079,0.05842187195967071,24.70454591928269,0.00039062499999998473,
noise,10.0,0.0,8,17,-4.0,4.0,8.0,20.1,Angular NSI,True,-0.009375000000000001,-0.009375000000000001,2649.665283203125,6.591318031917282,52.08437497196616,0.11647417060829104,0.1783724598756507,0.2956230992535274,298.1738767572367,0.00039062499999998473,
noise,10.0,0.0,9,17,-4.0,4.0,8.0,20.1,DAS,True,0.0,0.0,53552.40234375,553.6120969896006,39.711467731740974,0.22561430549895378,0.28176040439141237,0.4639534926392895,577.5726220773442,0.00039062499999998473,
noise,10.0,0.0,9,17,-4.0,4.0,8.0,20.1,Conventional NSI,True,0.000390625,0.000390625,2595.407958984375,0.1644422110168143,83.96384649228398,0.009403839519458142,0.017504064083751797,0.05732778956272355,24.073829169813784,0.00039062499999998473,
noise,10.0,0.0,9,17,-4.0,4.0,8.0,20.1,Angular NSI,True,0.003125,0.003125,2433.4306640625,6.261626604470282,51.790636206335996,0.12110294937254565,0.18050021876872607,0.29236329826191537,310.02355039372895,0.00039062499999998473,
noise,10.0,0.0,10,17,-4.0,4.0,8.0,20.1,DAS,True,0.0,0.0,53264.203125,571.6920248100353,39.38546600461477,0.22590129313482124,0.2817458978226272,0.3959683039912376,578.3073104251649,0.00039062499999998473,
noise,10.0,0.0,10,17,-4.0,4.0,8.0,20.1,Conventional NSI,True,0.0,0.0,2575.776123046875,0.14163825952030432,85.1945506326939,0.009529180126286441,0.017753381640249973,0.05805967302346107,24.394701123294244,0.00039062499999998473,
noise,10.0,0.0,10,17,-4.0,4.0,8.0,20.1,Angular NSI,True,-0.0015625,-0.0015625,2575.459716796875,9.129654122640474,49.00800873632125,0.1182326069953738,0.17936217163395882,0.29959947882569404,302.6754739081688,0.00039062499999998473,
phase,infinity,0.0,1,17,-4.0,4.0,8.0,20.1,DAS,True,0.0,0.0,53437.4453125,489.5172508311495,40.761553729128664,0.22583706239931722,0.2820058969681124,0.5243583409268576,578.1428797422747,0.00039062499999998473,
phase,infinity,0.0,1,17,-4.0,4.0,8.0,20.1,Conventional NSI,True,0.0,0.0,2671.673583984375,0.13801952320384245,85.73685747280074,0.008978267001653516,0.0169533689600971,0.05598056879039014,22.9843635242339,0.00039062499999998473,
phase,infinity,0.0,1,17,-4.0,4.0,8.0,20.1,Angular NSI,True,0.0,0.0,2671.8544921875,6.070832168657264,52.87129152509827,0.11595492502846433,0.17584034134768844,0.28936837755388345,296.8446080728803,0.00039062499999998473,
phase,infinity,0.0,2,17,-4.0,4.0,8.0,20.1,DAS,True,0.0,0.0,53437.4453125,489.5172508311495,40.761553729128664,0.22583706239931722,0.2820058969681124,0.5243583409268576,578.1428797422747,0.00039062499999998473,
phase,infinity,0.0,2,17,-4.0,4.0,8.0,20.1,Conventional NSI,True,0.0,0.0,2671.673583984375,0.13801952320384245,85.73685747280074,0.008978267001653516,0.0169533689600971,0.05598056879039014,22.9843635242339,0.00039062499999998473,
phase,infinity,0.0,2,17,-4.0,4.0,8.0,20.1,Angular NSI,True,0.0,0.0,2671.8544921875,6.070832168657264,52.87129152509827,0.11595492502846433,0.17584034134768844,0.28936837755388345,296.8446080728803,0.00039062499999998473,
phase,infinity,0.0,3,17,-4.0,4.0,8.0,20.1,DAS,True,0.0,0.0,53437.4453125,489.5172508311495,40.761553729128664,0.22583706239931722,0.2820058969681124,0.5243583409268576,578.1428797422747,0.00039062499999998473,
phase,infinity,0.0,3,17,-4.0,4.0,8.0,20.1,Conventional NSI,True,0.0,0.0,2671.673583984375,0.13801952320384245,85.73685747280074,0.008978267001653516,0.0169533689600971,0.05598056879039014,22.9843635242339,0.00039062499999998473,
phase,infinity,0.0,3,17,-4.0,4.0,8.0,20.1,Angular NSI,True,0.0,0.0,2671.8544921875,6.070832168657264,52.87129152509827,0.11595492502846433,0.17584034134768844,0.28936837755388345,296.8446080728803,0.00039062499999998473,
phase,infinity,0.0,4,17,-4.0,4.0,8.0,20.1,DAS,True,0.0,0.0,53437.4453125,489.5172508311495,40.761553729128664,0.22583706239931722,0.2820058969681124,0.5243583409268576,578.1428797422747,0.00039062499999998473,
phase,infinity,0.0,4,17,-4.0,4.0,8.0,20.1,Conventional NSI,True,0.0,0.0,2671.673583984375,0.13801952320384245,85.73685747280074,0.008978267001653516,0.0169533689600971,0.05598056879039014,22.9843635242339,0.00039062499999998473,
phase,infinity,0.0,4,17,-4.0,4.0,8.0,20.1,Angular NSI,True,0.0,0.0,2671.8544921875,6.070832168657264,52.87129152509827,0.11595492502846433,0.17584034134768844,0.28936837755388345,296.8446080728803,0.00039062499999998473,
phase,infinity,0.0,5,17,-4.0,4.0,8.0,20.1,DAS,True,0.0,0.0,53437.4453125,489.5172508311495,40.761553729128664,0.22583706239931722,0.2820058969681124,0.5243583409268576,578.1428797422747,0.00039062499999998473,
phase,infinity,0.0,5,17,-4.0,4.0,8.0,20.1,Conventional NSI,True,0.0,0.0,2671.673583984375,0.13801952320384245,85.73685747280074,0.008978267001653516,0.0169533689600971,0.05598056879039014,22.9843635242339,0.00039062499999998473,
phase,infinity,0.0,5,17,-4.0,4.0,8.0,20.1,Angular NSI,True,0.0,0.0,2671.8544921875,6.070832168657264,52.87129152509827,0.11595492502846433,0.17584034134768844,0.28936837755388345,296.8446080728803,0.00039062499999998473,
phase,infinity,0.0,6,17,-4.0,4.0,8.0,20.1,DAS,True,0.0,0.0,53437.4453125,489.5172508311495,40.761553729128664,0.22583706239931722,0.2820058969681124,0.5243583409268576,578.1428797422747,0.00039062499999998473,
phase,infinity,0.0,6,17,-4.0,4.0,8.0,20.1,Conventional NSI,True,0.0,0.0,2671.673583984375,0.13801952320384245,85.73685747280074,0.008978267001653516,0.0169533689600971,0.05598056879039014,22.9843635242339,0.00039062499999998473,
phase,infinity,0.0,6,17,-4.0,4.0,8.0,20.1,Angular NSI,True,0.0,0.0,2671.8544921875,6.070832168657264,52.87129152509827,0.11595492502846433,0.17584034134768844,0.28936837755388345,296.8446080728803,0.00039062499999998473,
phase,infinity,0.0,7,17,-4.0,4.0,8.0,20.1,DAS,True,0.0,0.0,53437.4453125,489.5172508311495,40.761553729128664,0.22583706239931722,0.2820058969681124,0.5243583409268576,578.1428797422747,0.00039062499999998473,
phase,infinity,0.0,7,17,-4.0,4.0,8.0,20.1,Conventional NSI,True,0.0,0.0,2671.673583984375,0.13801952320384245,85.73685747280074,0.008978267001653516,0.0169533689600971,0.05598056879039014,22.9843635242339,0.00039062499999998473,
phase,infinity,0.0,7,17,-4.0,4.0,8.0,20.1,Angular NSI,True,0.0,0.0,2671.8544921875,6.070832168657264,52.87129152509827,0.11595492502846433,0.17584034134768844,0.28936837755388345,296.8446080728803,0.00039062499999998473,
phase,infinity,0.0,8,17,-4.0,4.0,8.0,20.1,DAS,True,0.0,0.0,53437.4453125,489.5172508311495,40.761553729128664,0.22583706239931722,0.2820058969681124,0.5243583409268576,578.1428797422747,0.00039062499999998473,
phase,infinity,0.0,8,17,-4.0,4.0,8.0,20.1,Conventional NSI,True,0.0,0.0,2671.673583984375,0.13801952320384245,85.73685747280074,0.008978267001653516,0.0169533689600971,0.05598056879039014,22.9843635242339,0.00039062499999998473,
phase,infinity,0.0,8,17,-4.0,4.0,8.0,20.1,Angular NSI,True,0.0,0.0,2671.8544921875,6.070832168657264,52.87129152509827,0.11595492502846433,0.17584034134768844,0.28936837755388345,296.8446080728803,0.00039062499999998473,
phase,infinity,0.0,9,17,-4.0,4.0,8.0,20.1,DAS,True,0.0,0.0,53437.4453125,489.5172508311495,40.761553729128664,0.22583706239931722,0.2820058969681124,0.5243583409268576,578.1428797422747,0.00039062499999998473,
phase,infinity,0.0,9,17,-4.0,4.0,8.0,20.1,Conventional NSI,True,0.0,0.0,2671.673583984375,0.13801952320384245,85.73685747280074,0.008978267001653516,0.0169533689600971,0.05598056879039014,22.9843635242339,0.00039062499999998473,
phase,infinity,0.0,9,17,-4.0,4.0,8.0,20.1,Angular NSI,True,0.0,0.0,2671.8544921875,6.070832168657264,52.87129152509827,0.11595492502846433,0.17584034134768844,0.28936837755388345,296.8446080728803,0.00039062499999998473,
phase,infinity,0.0,10,17,-4.0,4.0,8.0,20.1,DAS,True,0.0,0.0,53437.4453125,489.5172508311495,40.761553729128664,0.22583706239931722,0.2820058969681124,0.5243583409268576,578.1428797422747,0.00039062499999998473,
phase,infinity,0.0,10,17,-4.0,4.0,8.0,20.1,Conventional NSI,True,0.0,0.0,2671.673583984375,0.13801952320384245,85.73685747280074,0.008978267001653516,0.0169533689600971,0.05598056879039014,22.9843635242339,0.00039062499999998473,
phase,infinity,0.0,10,17,-4.0,4.0,8.0,20.1,Angular NSI,True,0.0,0.0,2671.8544921875,6.070832168657264,52.87129152509827,0.11595492502846433,0.17584034134768844,0.28936837755388345,296.8446080728803,0.00039062499999998473,
phase,infinity,2.0,1,17,-4.0,4.0,8.0,20.1,DAS,True,0.0,0.0,54633.4140625,528.0924257564042,40.29496803973875,0.22706353792240586,0.2836508921022201,0.5273219044299979,581.2826570813817,0.00039062499999998473,
phase,infinity,2.0,1,17,-4.0,4.0,8.0,20.1,Conventional NSI,True,0.0,0.0,2731.4716796875,0.12678659816929394,86.6664670533396,0.009024642664595295,0.017039237230736175,0.05626405494738759,23.103085221364857,0.00039062499999998473,
phase,infinity,2.0,1,17,-4.0,4.0,8.0,20.1,Angular NSI,True,-0.0125,-0.0125,912.132568359375,1.4794722352484135,55.79902286977578,0.17830332039945396,0.2270396441280062,0.3050342852489729,456.45650022262,0.00039062499999998473,
phase,infinity,2.0,2,17,-4.0,4.0,8.0,20.1,DAS,True,0.0,0.0,53068.875,461.18615471857106,41.219272406473166,0.22561883779572842,0.2818559097252413,0.5241464940436901,577.5842247570873,0.00039062499999998473,
phase,infinity,2.0,2,17,-4.0,4.0,8.0,20.1,Conventional NSI,True,0.0,0.0,2653.253662109375,0.14355511422798353,85.33520206495594,0.008963925283008618,0.016925667312907587,0.05588654006103759,22.947648724502958,0.00039062499999998473,
phase,infinity,2.0,2,17,-4.0,4.0,8.0,20.1,Angular NSI,True,0.00625,0.00625,2384.0595703125,4.711377292039595,54.0833843699515,0.12778137373831389,0.1861475077763508,0.29605560208467435,327.12031677009634,0.00039062499999998473,
phase,infinity,2.0,3,17,-4.0,4.0,8.0,20.1,DAS,True,0.0,0.0,53760.09375,442.56357116503324,41.689687090234166,0.22628110244091582,0.28274127169856933,0.5264183549205103,579.2796222487672,0.00039062499999998473,
phase,infinity,2.0,3,17,-4.0,4.0,8.0,20.1,Conventional NSI,True,0.0,0.0,2687.80810546875,0.14468427729690644,85.37953839934045,0.008988085022777476,0.016970236780718354,0.05603291760538248,23.009497658311236,0.00039062499999998473,
phase,infinity,2.0,3,17,-4.0,4.0,8.0,20.1,Angular NSI,True,-0.071484375,-0.071484375,1593.485107421875,1.6816142583047557,59.53243255785437,0.18038921135176816,0.23625715659954796,0.34071951880175333,461.79638106054455,0.00039062499999998473,
phase,infinity,2.0,4,17,-4.0,4.0,8.0,20.1,DAS,True,0.0,0.0,53268.40625,476.6135481146033,40.96606639744921,0.2258117945984227,0.28211903363545826,0.524609584032286,578.0781941719847,0.00039062499999998473,
phase,infinity,2.0,4,17,-4.0,4.0,8.0,20.1,Conventional NSI,True,0.0,0.0,2663.229736328125,0.1418777123727689,85.46988907953963,0.008971144922244129,0.01693904621842446,0.0559305687995555,22.966131000945868,0.00039062499999998473,
phase,infinity,2.0,4,17,-4.0,4.0,8.0,20.1,Angular NSI,True,-0.0078125,-0.0078125,2424.627197265625,4.6552492347736925,54.33404069973073,0.1275240511125318,0.1861114644805647,0.2965858116124588,326.46157084809414,0.00039062499999998473,
phase,infinity,2.0,5,17,-4.0,4.0,8.0,20.1,DAS,True,0.0,0.0,53219.63671875,474.0684240903716,41.00461752267458,0.22560852763485684,0.28148490969107043,0.39822665884402536,577.5578307452561,0.00039062499999998473,
phase,infinity,2.0,5,17,-4.0,4.0,8.0,20.1,Conventional NSI,True,0.0,0.0,2660.790771484375,0.14625395872506455,85.19806190863133,0.008976781221683596,0.01695206977766493,0.055979950294758204,22.980559927510907,0.00039062499999998473,
phase,infinity,2.0,5,17,-4.0,4.0,8.0,20.1,Angular NSI,True,-0.032031250000000004,-0.032031250000000004,1755.796630859375,2.38550401466874,57.337881190953524,0.14826493816746758,0.20661438581729902,0.3100859844386742,379.5582417087318,0.00039062499999998473,
phase,infinity,2.0,6,17,-4.0,4.0,8.0,20.1,DAS,True,0.0,0.0,54384.80078125,471.85531091170395,41.23337388861965,0.22632268174952003,0.2828000347082747,0.5256518309214895,579.3860652787939,0.00039062499999998473,
phase,infinity,2.0,6,17,-4.0,4.0,8.0,20.1,Conventional NSI,True,0.0,0.0,2719.04541015625,0.13774480360449032,85.90682473083397,0.008989394326261071,0.016972403662578774,0.05604075753585489,23.012849475229242,0.00039062499999998473,
phase,infinity,2.0,6,17,-4.0,4.0,8.0,20.1,Angular NSI,True,-0.0171875,-0.0171875,2644.515380859375,5.739921565108797,53.26880278774766,0.12005295054896672,0.1800111632351709,0.2931758643460586,307.33555340536685,0.00039062499999998473,
phase,infinity,2.0,7,17,-4.0,4.0,8.0,20.1,DAS,True,0.0,0.0,53791.265625,498.074863701302,40.66834275783587,0.22617034661559704,0.28239545668799015,0.5250028701073046,578.9960873359511,0.00039062499999998473,
phase,infinity,2.0,7,17,-4.0,4.0,8.0,20.1,Conventional NSI,True,0.0,0.0,2689.367431640625,0.13424650915444328,86.03494279591766,0.008992892631454946,0.016980879770209123,0.05607214676111294,23.02180513652556,0.00039062499999998473,
phase,infinity,2.0,7,17,-4.0,4.0,8.0,20.1,Angular NSI,True,0.047656250000000004,0.047656250000000004,985.95654296875,1.3546615612414317,57.240539311941426,0.17890001604664071,0.23099497806941022,0.3165156888991445,457.98404107941815,0.00039062499999998473,
phase,infinity,2.0,8,17,-4.0,4.0,8.0,20.1,DAS,True,0.0,0.0,52721.83203125,465.80020169775804,41.075816417911966,0.22578834595566122,0.2819715761398033,0.5244625052467198,578.0181656465153,0.00039062499999998473,
phase,infinity,2.0,8,17,-4.0,4.0,8.0,20.1,Conventional NSI,True,0.0,0.0,2635.90771484375,0.13810661502704794,85.61431440603441,0.008975422133631793,0.01694823488739588,0.055963214411601445,22.977080662098288,0.00039062499999998473,
phase,infinity,2.0,8,17,-4.0,4.0,8.0,20.1,Angular NSI,True,-0.03359375,-0.03359375,2249.970703125,3.9576940027924556,55.09469300792651,0.1322668372011677,0.1909533835898306,0.30142980225053206,338.60310323500255,0.00039062499999998473,
phase,infinity,2.0,9,17,-4.0,4.0,8.0,20.1,DAS,True,0.0,0.0,50531.69140625,503.1503565933782,40.03732100896296,0.22475842821761838,0.28030944063053964,0.3915299678082468,575.3815762371255,0.00039062499999998473,
phase,infinity,2.0,9,17,-4.0,4.0,8.0,20.1,Conventional NSI,True,0.0,0.0,2526.40625,0.14409406423811774,84.87714192100546,0.008948931702832376,0.016901959075109187,0.055816424461718445,22.909265159251778,0.00039062499999998473,
phase,infinity,2.0,9,17,-4.0,4.0,8.0,20.1,Angular NSI,True,-0.021875000000000002,-0.021875000000000002,2245.774658203125,4.43746686898286,54.084621066184084,0.12642426031464318,0.1841951798652575,0.2933908019713568,323.6461064054992,0.00039062499999998473,
phase,infinity,2.0,10,17,-4.0,4.0,8.0,20.1,DAS,True,0.0,0.0,54386.44921875,463.85780810619315,41.38211668140036,0.2252962319775597,0.28139691976112713,0.5235574878860672,576.7583538625754,0.00039062499999998473,
phase,infinity,2.0,10,17,-4.0,4.0,8.0,20.1,Conventional NSI,True,0.0,0.0,2719.1220703125,0.15365992445525314,84.95736179184487,0.008951343309263685,0.016901520153395685,0.055806158265523015,22.915438871715928,0.00039062499999998473,
phase,infinity,2.0,10,17,-4.0,4.0,8.0,20.1,Angular NSI,True,-0.015625,-0.015625,2680.16796875,6.1840174265531385,52.737826155773924,0.11745175854658726,0.17724897959335634,0.28980300563421224,300.6765018792751,0.00039062499999998473,
phase,infinity,5.0,1,17,-4.0,4.0,8.0,20.1,DAS,True,0.0,0.0,54992.0859375,405.3066003162618,42.65033034601095,0.226289949023792,0.28253538974278813,0.526898238184265,579.3022695009302,0.00039062499999998473,
phase,infinity,5.0,1,17,-4.0,4.0,8.0,20.1,Conventional NSI,True,0.0,0.0,2749.40625,0.14485545246431095,85.5660813714509,0.008993974432314707,0.0169817837867522,0.056074790263585694,23.024574546726548,0.00039062499999998473,
phase,infinity,5.0,1,17,-4.0,4.0,8.0,20.1,Angular NSI,True,0.00078125,0.00078125,555.39404296875,0.7204406026106079,57.740060729547594,0.19250915991408532,0.2436643575278426,0.32393828896054633,492.8234493800777,0.00039062499999998473,
phase,infinity,5.0,2,17,-4.0,4.0,8.0,20.1,DAS,True,0.0,0.0,52934.23828125,583.4494384613392,39.154668836202134,0.22385153398495033,0.27919059804365787,0.3830687272473494,573.0599270014952,0.00039062499999998473,
phase,infinity,5.0,2,17,-4.0,4.0,8.0,20.1,Conventional NSI,True,0.0,0.0,2646.52197265625,0.16236355149428933,84.2437392334704,0.008910179870225287,0.01682780513883752,0.05556972642521124,22.810060467777625,0.00039062499999998473,
phase,infinity,5.0,2,17,-4.0,4.0,8.0,20.1,Angular NSI,True,-0.07265625,-0.07265625,1121.267333984375,2.213546963538384,54.092408587950366,0.18777488367787473,0.24364915231913153,0.4027405140345761,480.7037022153781,0.00039062499999998473,
phase,infinity,5.0,3,17,-4.0,4.0,8.0,20.1,DAS,True,0.0,0.0,54618.75390625,453.90525009506393,41.60753163424942,0.226312778350489,0.2822875872321572,0.3978641983971734,579.3607125772745,0.00039062499999998473,
phase,infinity,5.0,3,17,-4.0,4.0,8.0,20.1,Conventional NSI,True,0.0,0.0,2730.738525390625,0.14741145897145508,85.35497745743436,0.009007031676179868,0.017008559556002844,0.05616819407296965,23.058001091021364,0.00039062499999998473,
phase,infinity,5.0,3,17,-4.0,4.0,8.0,20.1,Angular NSI,True,0.049609375000000004,0.049609375000000004,828.77490234375,1.264409066462084,56.33097979275377,0.17827285950912825,0.22795725606896375,0.30610278973432953,456.3785203433861,0.00039062499999998473,
phase,infinity,5.0,4,17,-4.0,4.0,8.0,20.1,DAS,True,0.0,0.0,52618.23828125,490.58225501014846,40.60848936303827,0.22483704707141194,0.28063800942655864,0.3976655475888064,575.582840502837,0.00039062499999998473,
phase,infinity,5.0,4,17,-4.0,4.0,8.0,20.1,Conventional NSI,True,0.0,0.0,2630.721923828125,0.14643148843319068,85.08880934493588,0.008941955016095265,0.01688626131989978,0.055759577514770606,22.891404841204775,0.00039062499999998473,
phase,infinity,5.0,4,17,-4.0,4.0,8.0,20.1,Angular NSI,True,0.0011718750000000002,0.0011718750000000002,1974.68994140625,2.4202916793924243,58.232624124392196,0.14177782759383076,0.19785899042960622,0.30047233897492176,362.95123864022094,0.00039062499999998473,
phase,infinity,5.0,5,17,-4.0,4.0,8.0,20.1,DAS,True,0.0,0.0,50623.5390625,580.3113142602457,38.81382930252775,0.22411603851968728,0.2795469795384372,0.38590672717035357,573.7370586104219,0.00039062499999998473,
phase,infinity,5.0,5,17,-4.0,4.0,8.0,20.1,Conventional NSI,True,0.0,0.0,2530.995361328125,0.14133634923423505,85.06074960114853,0.008923150903727396,0.016853401666940625,0.055655873061898786,22.843266313543026,0.00039062499999998473,
phase,infinity,5.0,5,17,-4.0,4.0,8.0,20.1,Angular NSI,True,0.019921875000000002,0.019921875000000002,574.607421875,2.316025647130482,47.89255733733886,0.15371431445066228,0.19549194092974925,0.26694425276532074,393.5086449937108,0.00039062499999998473,
phase,infinity,5.0,6,17,-4.0,4.0,8.0,20.1,DAS,True,0.0,0.0,52037.51171875,571.4089200072959,39.18739012043898,0.2252135274587463,0.2805768534407202,0.3816396511582748,576.546630294413,0.00039062499999998473,
phase,infinity,5.0,6,17,-4.0,4.0,8.0,20.1,Conventional NSI,True,0.0,0.0,2601.688232421875,0.14280222583358151,85.21040551710293,0.008978098790253713,0.016958009226688865,0.05600962460860756,22.983932903050405,0.00039062499999998473,
phase,infinity,5.0,6,17,-4.0,4.0,8.0,20.1,Angular NSI,True,-0.054296875,-0.054296875,1348.4041748046875,1.6455839020838037,58.27000116499349,0.16185868834143896,0.21182782693847252,0.290799444261449,414.3582421540999,0.00039062499999998473,
phase,infinity,5.0,7,17,-4.0,4.0,8.0,20.1,DAS,True,0.0,0.0,52996.48046875,577.9568916627475,39.24703164139091,0.22634977757390995,0.28261478012031516,0.4638690763239941,579.4554305892322,0.00039062499999998473,
phase,infinity,5.0,7,17,-4.0,4.0,8.0,20.1,Conventional NSI,True,0.0,0.0,2649.636474609375,0.11829933050123395,87.00408013583511,0.009003256919399617,0.017001161538704603,0.056141733936991955,23.04833771366392,0.00039062499999998473,
phase,infinity,5.0,7,17,-4.0,4.0,8.0,20.1,Angular NSI,True,-0.022265625,-0.022265625,596.158203125,1.040962983736621,55.158524755661624,0.20269221130000986,0.25387735488519436,0.33241065548488485,518.8920609280456,0.00039062499999998473,
phase,infinity,5.0,8,17,-4.0,4.0,8.0,20.1,DAS,True,0.0,0.0,52665.65625,593.1321241997573,38.967521079614905,0.22643480012386785,0.2819991865199486,0.3826252229495488,579.6730883171243,0.00039062499999998473,
phase,infinity,5.0,8,17,-4.0,4.0,8.0,20.1,Conventional NSI,True,0.0,0.0,2633.091552734375,0.12584402198532701,86.41266739772968,0.009032406712861462,0.017060293396109764,0.05635219553301847,23.122961184926247,0.00039062499999998473,
phase,infinity,5.0,8,17,-4.0,4.0,8.0,20.1,Angular NSI,True,0.01953125,0.01953125,1738.192626953125,1.8650495855616849,59.388150412783595,0.16317364281840752,0.22031687422290813,0.3174874659324264,417.72452561513956,0.00039062499999998473,
phase,infinity,5.0,9,17,-4.0,4.0,8.0,20.1,DAS,True,0.0,0.0,53995.0703125,456.7380486931404,41.453738378185676,0.22609634499608866,0.28278177809759,0.5254256956596457,578.8066431900096,0.00039062499999998473,
phase,infinity,5.0,9,17,-4.0,4.0,8.0,20.1,Conventional NSI,True,0.0,0.0,2699.56494140625,0.15149600782818456,85.01785181644038,0.008969403304061426,0.01693307658307145,0.05590500577626459,22.961672458398148,0.00039062499999998473,
phase,infinity,5.0,9,17,-4.0,4.0,8.0,20.1,Angular NSI,True,-0.00390625,-0.00390625,409.65869140625,1.8196599933735806,47.04863852978842,0.1534493586278827,0.19216916247519816,0.2545224127492229,392.83035808739504,0.00039062499999998473,
phase,infinity,5.0,10,17,-4.0,4.0,8.0,20.1,DAS,True,0.0,0.0,55590.15625,502.59971434979946,40.87551314611713,0.22770701365985113,0.28457228731369644,0.5298822628113428,582.9299549692416,0.00039062499999998473,
phase,infinity,5.0,10,17,-4.0,4.0,8.0,20.1,Conventional NSI,True,0.0,0.0,2779.303466796875,0.13527788736046706,86.25418313789346,0.0090452784609108,0.01707638870763323,0.056386016508076,23.155912859932553,0.00039062499999998473,
phase,infinity,5.0,10,17,-4.0,4.0,8.0,20.1,Angular NSI,True,0.06015625,0.06015625,143.40478515625,2.524037290597019,35.08935752443282,0.1317053766940356,0.16715766586704983,0.22970378735697955,337.1657643367443,0.00039062499999998473,
phase,infinity,10.0,1,17,-4.0,4.0,8.0,20.1,DAS,True,0.0,0.0,51151.23046875,500.6723906661539,40.1860488448973,0.22282620021527955,0.2775990043476847,0.3761267375963111,570.435072551138,0.00039062499999998473,
phase,infinity,10.0,1,17,-4.0,4.0,8.0,20.1,Conventional NSI,True,0.0,0.0,2557.3818359375,0.1946469034407832,82.37096154276571,0.008877369262247229,0.0167682550265679,0.0553791032173192,22.726065311353793,0.00039062499999998473,
phase,infinity,10.0,1,17,-4.0,4.0,8.0,20.1,Angular NSI,True,-0.00078125,-0.00078125,301.9736328125,0.7895010332584036,51.652326418910725,0.19229865271974766,0.24148952617823705,0.31608733446587667,492.28455096257323,0.00039062499999998473,
phase,infinity,10.0,2,17,-4.0,4.0,8.0,20.1,DAS,True,0.00078125,0.00078125,49919.5078125,628.3341800421949,38.00159219323517,0.22040555456253713,0.27441160228250727,0.3665313202406285,564.2382196801171,0.00039062499999998473,
phase,infinity,10.0,2,17,-4.0,4.0,8.0,20.1,Conventional NSI,True,0.0,0.0,2495.775634765625,0.26297076521274215,79.54596140890531,0.008784176300377047,0.016593438483998624,0.05481442297800396,22.48749132896612,0.00039062499999998473,
phase,infinity,10.0,2,17,-4.0,4.0,8.0,20.1,Angular NSI,True,0.0054687500000000005,0.0054687500000000005,226.6962890625,1.8873507057891419,41.59183606139975,0.20171042677680817,0.25162930584202325,0.3269736419218884,516.3786925486492,0.00039062499999998473,
phase,infinity,10.0,3,17,-4.0,4.0,8.0,20.1,DAS,True,0.0,0.0,55901.55078125,451.8998616738285,41.84763295099166,0.22631442430176205,0.283074577094383,0.526283936323744,579.3649262125335,0.00039062499999998473,
phase,infinity,10.0,3,17,-4.0,4.0,8.0,20.1,Conventional NSI,True,0.0,0.0,2794.87548828125,0.15988900192884123,84.85087746584938,0.00897713779038236,0.016946392452624692,0.05594648619269617,22.98147274337974,0.00039062499999998473,
phase,infinity,10.0,3,17,-4.0,4.0,8.0,20.1,Angular NSI,True,-0.030468750000000003,-0.030468750000000003,961.91845703125,0.8340554507681063,61.23886666013908,0.2013265125535657,0.2533088721952811,0.3332632560339144,515.3958721371483,0.00039062499999998473,
phase,infinity,10.0,4,17,-4.0,4.0,8.0,20.1,DAS,True,0.0,0.0,49197.05859375,670.7986365052932,37.30693933331357,0.21939140098433563,0.2733132160607794,0.37152960395551105,561.6419865199211,0.00039062499999998473,
phase,infinity,10.0,4,17,-4.0,4.0,8.0,20.1,Conventional NSI,True,0.0,0.0,2459.685546875,0.31632426645920597,77.81494159235947,0.008726444492542708,0.01648126607493341,0.05444624317967158,22.339697900910206,0.00039062499999998473,
phase,infinity,10.0,4,17,-4.0,4.0,8.0,20.1,Angular NSI,True,-0.06015625,-0.06015625,773.175537109375,1.527287677347353,54.08714513939019,0.20006604051044152,0.24868143628997563,0.3188262418497484,512.1690637067503,0.00039062499999998473,
phase,infinity,10.0,5,17,-4.0,4.0,8.0,20.1,DAS,True,0.0,0.0,52842.58984375,554.9396308082636,39.574767071378865,0.22718268662905855,0.2840189569350443,0.5266949102139424,581.5876777704126,0.00039062499999998473,
phase,infinity,10.0,5,17,-4.0,4.0,8.0,20.1,Conventional NSI,True,0.0,0.0,2641.94189453125,0.13825617176961097,85.62477468763234,0.009021368529538984,0.0170324410676816,0.056239940055274204,23.0947034356207,0.00039062499999998473,
phase,infinity,10.0,5,17,-4.0,4.0,8.0,20.1,Angular NSI,True,-0.033203125,-0.033203125,624.607421875,4.61970080636739,42.619865818143566,0.20902470993991884,0.25829151259456967,0.3436248654562406,535.1032574462131,0.00039062499999998473,
phase,infinity,10.0,6,17,-4.0,4.0,8.0,20.1,DAS,True,0.0,0.0,54256.30078125,572.6430546641743,39.53132364647481,0.2253364541690711,0.2805197828850412,0.37581455831651306,576.8613226728446,0.00039062499999998473,
phase,infinity,10.0,6,17,-4.0,4.0,8.0,20.1,Conventional NSI,True,0.0,0.0,2712.618408203125,0.1616740964998492,84.49496523994613,0.008990021393143189,0.01698123964898019,0.056092492387109075,23.014454766447464,0.00039062499999998473,
phase,infinity,10.0,6,17,-4.0,4.0,8.0,20.1,Angular NSI,True,-0.046484375,-0.046484375,906.480712890625,0.7849676269570304,61.25013643631594,0.20653937859082763,0.2594156577538499,0.4495721923266751,528.7408091925394,0.00039062499999998473,
phase,infinity,10.0,7,17,-4.0,4.0,8.0,20.1,DAS,True,0.0,0.0,41925.8671875,572.9012421411703,37.28804580747792,0.2210206225624084,0.274203586505667,0.35864929434928394,565.8127937597876,0.00039062499999998473,
phase,infinity,10.0,7,17,-4.0,4.0,8.0,20.1,Conventional NSI,True,0.0,0.0,2096.15283203125,0.25874481249842807,78.17102585376797,0.008840790599633164,0.016708150152489918,0.055205537161118826,22.632423935061784,0.00039062499999998473,
phase,infinity,10.0,7,17,-4.0,4.0,8.0,20.1,Angular NSI,True,0.037890625000000004,0.037890625000000004,894.8311767578125,0.9576118258464412,59.41103212492517,0.19720757754803608,0.2461418516996361,0.31819614073605185,504.8513985229921,0.00039062499999998473,
phase,infinity,10.0,8,17,-4.0,4.0,8.0,20.1,DAS,True,0.00078125,0.00078125,45119.2109375,444.7688065997552,40.12454350162635,0.22207850373118032,0.27618723664286693,0.36945177010029584,568.5209695518438,0.00039062499999998473,
phase,infinity,10.0,8,17,-4.0,4.0,8.0,20.1,Conventional NSI,True,0.0,0.0,2255.783935546875,0.20599714228367808,80.78872607817287,0.008866994325921237,0.016753804111842484,0.05533935206940964,22.699505474359256,0.00039062499999998473,
phase,infinity,10.0,8,17,-4.0,4.0,8.0,20.1,Angular NSI,True,-0.0011718750000000002,-0.0011718750000000002,144.935546875,0.9021762895142382,44.117670090358644,0.20683693536599768,0.2560896011045065,0.32815744811935277,529.5025545369748,0.00039062499999998473,
phase,infinity,10.0,9,17,-4.0,4.0,8.0,20.1,DAS,True,-0.0015625,-0.0015625,55080.42578125,444.7418191439388,41.857786412428354,0.2265290835128701,0.28428186574791536,0.5264194769679829,579.9144537929701,0.00039062499999998473,
phase,infinity,10.0,9,17,-4.0,4.0,8.0,20.1,Conventional NSI,True,0.0,0.0,2753.58349609375,0.20744578745431433,82.45987259691738,0.008942144034816246,0.016871508356588752,0.05567947815355241,22.891888729130486,0.00039062499999998473,
phase,infinity,10.0,9,17,-4.0,4.0,8.0,20.1,Angular NSI,True,-0.0125,-0.0125,179.828125,0.6898622884233564,48.321904227044435,0.2107373652927373,0.2651944834668969,0.4434165293097113,539.4876551494285,0.00039062499999998473,
phase,infinity,10.0,10,17,-4.0,4.0,8.0,20.1,DAS,True,0.0,0.0,52433.6171875,516.1445287859754,40.13676981784536,0.22751945750876007,0.2837298645075761,0.46691267863824426,582.4498112224485,0.00039062499999998473,
phase,infinity,10.0,10,17,-4.0,4.0,8.0,20.1,Conventional NSI,True,0.0,0.0,2621.494873046875,0.1328275352956132,85.90521797183158,0.009058089572085768,0.017104840616354047,0.05649258014697163,23.18870930454047,0.00039062499999998473,
phase,infinity,10.0,10,17,-4.0,4.0,8.0,20.1,Angular NSI,True,-0.078515625,-0.078515625,33.404296875,2.57086024251647,22.274477332881148,0.112713021109491,0.14246268607420612,0.19360486080865275,288.5453340403082,0.00039062499999998473,
phase,infinity,20.0,1,17,-4.0,4.0,8.0,20.1,DAS,True,0.0,0.0,33790.66015625,1009.8491485367196,30.490803457667347,0.20953257614617282,0.25858195032268994,0.324965484475122,536.4033949342233,0.00039062499999998473,
phase,infinity,20.0,1,17,-4.0,4.0,8.0,20.1,Conventional NSI,True,0.0,0.0,1689.4276123046875,1.418445380009816,61.51853941976262,0.008366936283941365,0.015799791977957583,0.05224704731580328,21.419356886890732,0.00039062499999998473,
phase,infinity,20.0,1,17,-4.0,4.0,8.0,20.1,Angular NSI,True,0.5,0.5,85.96448516845703,7.647338312741503,21.016175261834412,0.04521802566988431,0.06783052328145694,0.2356526903455976,115.75814571490835,0.00039062499999998473,
phase,infinity,20.0,2,17,-4.0,4.0,8.0,20.1,DAS,True,0.0,0.0,44952.92578125,567.2765355631202,37.97926286323631,0.22560002860842887,0.27905981552984577,0.35782919890213427,577.5360732376005,0.00039062499999998473,
phase,infinity,20.0,2,17,-4.0,4.0,8.0,20.1,Conventional NSI,True,0.0,0.0,2247.48828125,0.3259968094284214,76.76968172677155,0.009047076105192058,0.017094824668536304,0.056503698859337655,23.160514829292573,0.00039062499999998473,
phase,infinity,20.0,2,17,-4.0,4.0,8.0,20.1,Angular NSI,True,-0.0011718750000000002,-0.0011718750000000002,295.205078125,1.0371702413728612,49.08547553037647,0.20773459629768967,0.2589079535503158,0.3315356238489394,531.8005665221064,0.00039062499999998473,
phase,infinity,20.0,3,17,-4.0,4.0,8.0,20.1,DAS,True,0.0,0.0,69447.9375,1125.600040187344,35.80550504870967,0.23488776309557735,0.29487352314336646,0.5476484219793827,601.3126735247015,0.00039062499999998473,
phase,infinity,20.0,3,17,-4.0,4.0,8.0,20.1,Conventional NSI,True,0.0,0.0,3472.129150390625,0.22886629056168267,83.62028080558879,0.009278215743077514,0.017512994017028348,0.05779035239123234,23.752232302279364,0.00039062499999998473,
phase,infinity,20.0,3,17,-4.0,4.0,8.0,20.1,Angular NSI,True,-0.05625,-0.05625,1341.18896484375,2.08476608483351,56.168652763211114,0.2138842910511724,0.2692803172527616,0.46555371666173434,547.5437850910228,0.00039062499999998473,
phase,infinity,20.0,4,17,-4.0,4.0,8.0,20.1,DAS,True,-0.00078125,-0.00078125,58373.01171875,328.2336641144493,45.000579603463734,0.22907695630619876,0.28612121439221305,0.5345998240765346,586.4370081438917,0.00039062499999998473,
phase,infinity,20.0,4,17,-4.0,4.0,8.0,20.1,Conventional NSI,True,0.0,0.0,2918.360107421875,0.1557313295516274,85.45525777403384,0.00909971845672199,0.01717650904957229,0.05672550031215316,23.295279249209205,0.00039062499999998473,
phase,infinity,20.0,4,17,-4.0,4.0,8.0,20.1,Angular NSI,True,-0.01953125,-0.01953125,279.044921875,0.12988621151105642,66.64222147881102,0.2159495375814971,0.270137786258549,0.4482301853434788,552.8308162086541,0.00039062499999998473,
phase,infinity,20.0,5,17,-4.0,4.0,8.0,20.1,DAS,True,0.0,0.0,43037.44140625,821.4776587838784,34.38501375486791,0.21328028047980244,0.2648504942433635,0.3477260491350409,545.9975180283155,0.00039062499999998473,
phase,infinity,20.0,5,17,-4.0,4.0,8.0,20.1,Conventional NSI,True,0.0,0.0,2151.72900390625,0.5675907376289958,71.5750454841764,0.008498837227074911,0.016060418713572562,0.053060930267967696,21.757023301312625,0.00039062499999998473,
phase,infinity,20.0,5,17,-4.0,4.0,8.0,20.1,Angular NSI,True,0.035937500000000004,0.035937500000000004,304.583740234375,5.860977662956028,34.31473298413184,0.13757959115962123,0.17504907526597835,0.241856824432493,352.20375336864413,0.00039062499999998473,
phase,infinity,20.0,6,17,-4.0,4.0,8.0,20.1,DAS,True,-0.00078125,-0.00078125,67640.0,303.90529149598757,46.94930673983055,0.23272946054931656,0.29299302514429837,0.5482007785309322,595.7874190062737,0.00039062499999998473,
phase,infinity,20.0,6,17,-4.0,4.0,8.0,20.1,Conventional NSI,True,0.0,0.0,3381.615966796875,0.3397305966825192,79.95979247043775,0.00913782324845613,0.01722410522068322,0.056832980516587125,23.39282751604861,0.00039062499999998473,
phase,infinity,20.0,6,17,-4.0,4.0,8.0,20.1,Angular NSI,True,-0.01171875,-0.01171875,241.9609375,0.2525447055451561,59.62813980686938,0.21648266557787,0.2727633142492079,0.46907939173265456,554.1956238793689,0.00039062499999998473,
phase,infinity,20.0,7,17,-4.0,4.0,8.0,20.1,DAS,True,0.0,0.0,21380.24609375,1284.6173666346333,24.42477821734162,0.19230570507446848,0.23662398867871523,0.2942409010604127,492.30260499065855,0.00039062499999998473,
phase,infinity,20.0,7,17,-4.0,4.0,8.0,20.1,Conventional NSI,True,0.0,0.0,1068.9591064453125,2.4241597887682125,52.887996967406245,0.007625924050057962,0.014403354147456393,0.04762988108942132,19.522365568149144,0.00039062499999998473,
phase,infinity,20.0,7,17,-4.0,4.0,8.0,20.1,Angular NSI,True,-0.012890625000000001,-0.012890625000000001,21.1591796875,3.467740437086672,15.709044878502471,0.1768269230769231,0.2180566050308374,0.27271362155299017,452.67692307694085,0.00039062499999998473,
phase,infinity,20.0,8,17,-4.0,4.0,8.0,20.1,DAS,True,0.0,0.0,61932.671875,414.663265495167,43.484485062350984,0.22722249168884096,0.2859327676948633,0.5342172752457486,581.6895787234556,0.00039062499999998473,
phase,infinity,20.0,8,17,-4.0,4.0,8.0,20.1,Conventional NSI,True,0.0,0.0,3096.395751953125,0.29602782870999284,80.39047846461322,0.008912004491387602,0.01679846982717762,0.0554109239892944,22.81473149795315,0.00039062499999998473,
phase,infinity,20.0,8,17,-4.0,4.0,8.0,20.1,Angular NSI,True,0.005078125,0.005078125,162.62890625,0.8294575585104415,45.84807144280628,0.19147311185176127,0.23932740002861694,0.31173476050671767,490.17116634052803,0.00039062499999998473,
phase,infinity,20.0,9,17,-4.0,4.0,8.0,20.1,DAS,True,-0.0015625,-0.0015625,68187.8046875,755.4148916492874,39.110423332148045,0.23810691321682154,0.30012817925379587,0.550131934526775,609.553697835087,0.00039062499999998473,
phase,infinity,20.0,9,17,-4.0,4.0,8.0,20.1,Conventional NSI,True,0.0,0.0,3408.75341796875,0.3663838208120932,79.37318598124631,0.009343924016784081,0.01762930389018627,0.05816075646701531,23.920445482968184,0.00039062499999998473,
phase,infinity,20.0,9,17,-4.0,4.0,8.0,20.1,Angular NSI,True,-0.014843750000000001,-0.014843750000000001,229.0625,0.8061194313447585,49.071092129243155,0.22868223266227802,0.28800747569880764,0.47172381125415286,585.4265156154546,0.00039062499999998473,
phase,infinity,20.0,10,17,-4.0,4.0,8.0,20.1,DAS,True,0.003125,0.003125,30309.8203125,494.62635157421397,35.74612223458902,0.21763552073506226,0.2732571388516779,0.5255449828882129,557.1469330817812,0.00039062499999998473,
phase,infinity,20.0,10,17,-4.0,4.0,8.0,20.1,Conventional NSI,True,0.0,0.0,1514.66455078125,0.22420817377845859,76.59330040056776,0.008614263138331725,0.016278896093173144,0.053777450589225576,22.05251363413008,0.00039062499999998473,
phase,infinity,20.0,10,17,-4.0,4.0,8.0,20.1,Angular NSI,True,0.003125,0.003125,20.796875,2.426365559768287,18.660836971834343,0.19772518382352944,0.2447338941821566,0.3148553685897436,506.17647058825514,0.00039062499999998473,
